annual_income_yj,loan_amount_yj,spending_ratio_log,credit_score_gt_700,avg_monthly_transactions,debt_to_income_ratio,join_year,join_month,join_weekday,education_level_encoded,gender_encoded,region_North,region_South,region_West,loan_purpose_Car,loan_purpose_Education,loan_purpose_Home,loan_purpose_Other,default_flag
-1.432560598657914,1.029413125108264,3.3460813860721434,1.0,24.0,1.3383073669070125,2020,1,2,1.0,0,0.0,0.0,0.0,0.0,1.0,0.0,0.0,1
-1.432560598657914,0.8005674968777388,4.508496714617679,1.0,9.166666666666666,1.1307711617645182,2020,1,3,2.0,0,0.0,0.0,1.0,0.0,0.0,1.0,0.0,0
1.468805533891762,0.21360195712054075,3.4917849389666467,1.0,20.166666666666668,0.17635358625227704,2020,1,4,0.0,1,0.0,1.0,0.0,0.0,0.0,0.0,1.0,1
-1.432560598657914,1.7326705131905085,4.328038616787413,1.0,8.333333333333334,2.2497509442954757,2020,1,5,1.0,0,0.0,0.0,1.0,0.0,1.0,0.0,0.0,0
-1.432560598657914,-0.9427888138554702,3.722820916093588,1.0,9.5,0.3158235283912055,2020,1,6,1.0,0,0.0,0.0,1.0,1.0,0.0,0.0,0.0,1
0.5880958170882212,-1.2989665444529603,2.919545716441332,1.0,15.333333333333334,0.09142674267151278,2020,1,0,2.0,1,0.0,0.0,0.0,0.0,1.0,0.0,0.0,0
-0.3653217238302005,1.1374564529358793,1.9408081262122818,1.0,20.833333333333332,0.8695535372500399,2020,1,1,0.0,2,0.0,0.0,1.0,0.0,1.0,0.0,0.0,0
0.5880958170882212,-0.17667362520670624,4.007026962557867,1.0,2.8333333333333335,0.2070751066429858,2020,1,2,1.0,0,0.0,0.0,0.0,1.0,0.0,0.0,0.0,1
0.5880958170882212,1.1079564042687537,4.541379051294654,0.0,15.5,0.5317777880359132,2020,1,3,3.0,2,1.0,0.0,0.0,0.0,0.0,0.0,0.0,0
-0.3653217238302005,1.3191553013240283,3.6692443775724692,0.0,21.5,0.9943059471029526,2020,1,4,3.0,0,1.0,0.0,0.0,0.0,0.0,0.0,0.0,0
1.3892250767728098,-1.5069680646634422,3.641455245660644,0.0,20.333333333333332,0.0524155044350102,2020,1,5,3.0,0,0.0,0.0,0.0,0.0,0.0,1.0,0.0,0
-0.3653217238302005,1.2713390096984607,3.610059317304005,0.0,9.666666666666666,0.959822715582698,2020,1,6,0.0,1,1.0,0.0,0.0,0.0,0.0,1.0,0.0,0
-1.432560598657914,0.03102898818346884,3.8212191261630677,0.0,20.333333333333332,0.6428197960980836,2020,1,1,3.0,0,0.0,0.0,1.0,0.0,0.0,0.0,1.0,0
-0.3653217238302005,0.3688127280404368,4.4449112467336915,1.0,1.3333333333333333,0.49403300876810324,2020,1,2,0.0,1,0.0,1.0,0.0,0.0,1.0,0.0,0.0,0
-0.3653217238302005,1.508457799051618,3.941521053496312,1.0,13.166666666666666,1.1435472967313167,2020,1,3,3.0,1,0.0,0.0,1.0,0.0,0.0,0.0,1.0,0
-0.3653217238302005,-1.7211352979903305,3.9454230698282107,1.0,8.833333333333334,0.10772025230572972,2020,1,4,2.0,1,1.0,0.0,0.0,0.0,1.0,0.0,0.0,0
1.3892250767728098,-0.06639684370803034,2.915250993984572,0.0,1.8333333333333333,0.14964563595160724,2020,1,5,1.0,0,0.0,1.0,0.0,0.0,0.0,0.0,0.0,0
0.5880958170882212,0.5529510564644496,4.5480341579415935,0.0,19.0,0.3534649577022175,2020,1,6,1.0,1,1.0,0.0,0.0,0.0,0.0,1.0,0.0,0
0.5880958170882212,0.6627599973881418,3.3498184758274063,0.0,21.0,0.3831696254242444,2020,1,0,0.0,1,0.0,0.0,1.0,0.0,0.0,1.0,0.0,0
1.468805533891762,0.5678158660034932,2.533916319337716,0.0,2.5,0.22870152355255843,2020,1,1,0.0,0,0.0,0.0,0.0,0.0,0.0,0.0,1.0,1
-0.3653217238302005,-1.1950316616200447,4.184842612702612,0.0,16.0,0.15774886674039024,2020,1,2,1.0,1,0.0,0.0,0.0,0.0,0.0,1.0,0.0,0
1.468805533891762,-0.6051222937219825,4.0873698506072245,0.0,4.5,0.09692982186570635,2020,1,3,3.0,1,0.0,1.0,0.0,0.0,0.0,0.0,0.0,0
-1.432560598657914,-0.4182754136395314,3.7696090533468367,1.0,5.333333333333333,0.4628532054288717,2020,1,4,3.0,0,1.0,0.0,0.0,0.0,0.0,0.0,1.0,1
-0.3653217238302005,0.9417128408271882,3.7841282922473773,1.0,19.166666666666668,0.7527479996186093,2020,1,5,2.0,0,1.0,0.0,0.0,0.0,1.0,0.0,0.0,0
-1.432560598657914,-0.6724863517608607,4.339324656567667,0.0,10.166666666666666,0.38452081771502894,2020,1,6,3.0,0,0.0,1.0,0.0,0.0,0.0,1.0,0.0,1
0.5880958170882212,-0.9059248207025625,3.16184558389948,0.0,5.0,0.12165362074203623,2020,1,0,0.0,1,0.0,0.0,0.0,1.0,0.0,0.0,0.0,0
1.468805533891762,1.7437511872312519,4.379809161709991,0.0,9.666666666666666,0.5443890659727406,2020,1,1,0.0,1,0.0,0.0,1.0,0.0,0.0,1.0,0.0,1
-1.432560598657914,-1.7755448210312792,4.164915480724011,0.0,5.5,0.17260128977722422,2020,1,2,3.0,1,0.0,1.0,0.0,0.0,1.0,0.0,0.0,0
0.5880958170882212,1.7437511872312519,3.7775146703829052,1.0,16.833333333333332,0.8506075328093237,2020,1,3,0.0,0,0.0,0.0,1.0,0.0,0.0,0.0,1.0,1
-1.432560598657914,0.5195036596025996,3.854872072578882,0.0,3.0,0.919696837301711,2020,1,4,1.0,0,0.0,0.0,0.0,0.0,1.0,0.0,0.0,0
-0.3653217238302005,1.0331430972151858,3.370677988405791,0.0,13.666666666666666,0.8051955961841557,2020,2,5,1.0,1,1.0,0.0,0.0,1.0,0.0,0.0,0.0,0
-0.3653217238302005,-0.6205922078866862,4.299871039399037,0.0,6.5,0.23960662418871984,2020,2,6,3.0,1,0.0,0.0,0.0,0.0,0.0,0.0,0.0,0
1.468805533891762,-1.7464137298286064,3.9542915079545735,0.0,5.666666666666667,0.042306962912511514,2020,2,0,1.0,0,0.0,1.0,0.0,0.0,0.0,1.0,0.0,0
0.5880958170882212,0.7117674466149867,3.551824972621771,0.0,16.0,0.39722772307402127,2020,2,1,1.0,0,1.0,0.0,0.0,0.0,0.0,0.0,1.0,0
-0.3653217238302005,1.0556360090895025,4.08840211444279,1.0,3.5,0.8186539372894858,2020,2,2,2.0,2,0.0,1.0,0.0,0.0,0.0,0.0,0.0,0
-1.432560598657914,0.7202936921220466,4.560341223079899,0.0,16.166666666666668,1.0659341825847874,2020,2,3,2.0,0,0.0,1.0,0.0,0.0,1.0,0.0,0.0,0
-1.432560598657914,-1.161343064653855,3.810512959833154,0.0,13.833333333333334,0.2694275563816265,2020,2,4,1.0,1,0.0,0.0,0.0,0.0,0.0,0.0,1.0,0
-1.432560598657914,0.7631442855626822,4.487087148624048,0.0,19.0,1.1000636155241177,2020,2,5,3.0,0,0.0,1.0,0.0,0.0,0.0,0.0,0.0,0
-1.432560598657914,0.8155804421459751,3.6123092576047906,0.0,17.666666666666668,1.143331754046164,2020,2,6,2.0,1,0.0,0.0,0.0,0.0,0.0,0.0,1.0,0
1.3892250767728098,0.46407318250733476,2.391140110089147,1.0,18.333333333333332,0.220754190593488,2020,2,0,0.0,1,1.0,0.0,0.0,1.0,0.0,0.0,0.0,0
-0.3653217238302005,0.8059791512699004,3.1938365246881335,0.0,8.5,0.6811705279359094,2020,2,1,0.0,0,0.0,0.0,0.0,1.0,0.0,0.0,0.0,0
-0.3653217238302005,1.1035997945150586,3.776949004154282,0.0,11.333333333333334,0.8481153736407746,2020,2,2,0.0,1,1.0,0.0,0.0,0.0,0.0,1.0,0.0,0
-1.432560598657914,0.3305441108725351,3.2491001754284157,0.0,11.333333333333334,0.8005925475667951,2020,2,3,3.0,0,0.0,0.0,0.0,0.0,0.0,1.0,0.0,0
0.5880958170882212,-0.035054267278829085,4.48130776523055,0.0,1.8333333333333333,0.22967570885226946,2020,2,5,0.0,1,0.0,0.0,1.0,0.0,0.0,0.0,1.0,0
0.5880958170882212,-1.4371192674947182,4.406098896481411,0.0,4.333333333333333,0.08270734575939913,2020,2,6,3.0,1,0.0,1.0,0.0,1.0,0.0,0.0,0.0,1
0.5880958170882212,-0.27036970221642587,4.287802501372594,0.0,14.166666666666666,0.19336901699506256,2020,2,0,2.0,0,0.0,0.0,0.0,0.0,0.0,1.0,0.0,0
-0.3653217238302005,-0.2716736272097992,3.0494300711919857,1.0,13.0,0.3090955710291104,2020,2,1,1.0,0,0.0,0.0,0.0,1.0,0.0,0.0,0.0,0
0.5880958170882212,-1.4904162391155655,2.8233247217394917,0.0,23.666666666666668,0.0795722456780806,2020,2,2,2.0,0,1.0,0.0,0.0,1.0,0.0,0.0,0.0,0
-0.3653217238302005,-1.291645598827485,4.2649677787767555,0.0,21.5,0.14706206782709333,2020,2,4,0.0,0,0.0,0.0,0.0,0.0,0.0,0.0,0.0,0
-1.432560598657914,0.9557898008265558,4.4952740271891,1.0,9.0,1.2676529145406048,2020,2,5,0.0,0,0.0,1.0,0.0,0.0,0.0,1.0,0.0,0
1.468805533891762,1.661098540055192,3.801051754149368,1.0,9.333333333333334,0.5120843879424094,2020,2,6,3.0,0,0.0,0.0,1.0,0.0,0.0,0.0,1.0,0
1.3892250767728098,-1.4613635440538821,2.816764714594328,0.0,0.8333333333333334,0.054177393807581124,2020,2,0,0.0,0,0.0,0.0,0.0,1.0,0.0,0.0,0.0,0
0.5880958170882212,1.724245477787222,3.9534596052649342,1.0,1.3333333333333333,0.8384130105009083,2020,2,1,1.0,1,0.0,0.0,0.0,1.0,0.0,0.0,0.0,0
-0.3653217238302005,0.0661526776286882,3.621533573929672,0.0,24.833333333333332,0.3957398282758479,2020,2,2,3.0,1,0.0,1.0,0.0,0.0,0.0,0.0,0.0,0
-0.3653217238302005,-0.6045726814182912,3.682213364815887,1.0,22.666666666666668,0.24242138566866944,2020,2,3,2.0,1,0.0,0.0,0.0,0.0,0.0,1.0,0.0,0
0.5880958170882212,-1.4406801202046795,4.1258392915155415,0.0,1.3333333333333333,0.08249405306732668,2020,2,4,3.0,0,0.0,1.0,0.0,0.0,0.0,1.0,0.0,0
-0.3653217238302005,0.002632863382851899,4.258228154553145,0.0,0.8333333333333334,0.37775784319287103,2020,2,5,1.0,0,0.0,0.0,0.0,0.0,1.0,0.0,0.0,1
-1.432560598657914,0.9055223548099586,2.76972988331272,0.0,12.5,1.2215858548455625,2020,3,6,1.0,0,1.0,0.0,0.0,0.0,0.0,1.0,0.0,0
-0.3653217238302005,0.6132211512335878,2.2195426409459755,1.0,6.5,0.5911499608135384,2020,3,0,3.0,1,0.0,1.0,0.0,0.0,0.0,0.0,0.0,0
1.3892250767728098,-1.5650448884411292,4.559018673551228,0.0,2.0,0.050255163036705214,2020,3,1,3.0,1,0.0,0.0,0.0,0.0,1.0,0.0,0.0,1
-0.3653217238302005,-1.4586881370810716,3.293818215173094,0.0,6.666666666666667,0.13027806906716285,2020,3,2,0.0,1,0.0,0.0,1.0,0.0,1.0,0.0,0.0,0
-0.3653217238302005,-0.28433334163817375,2.3836808375767466,1.0,21.166666666666668,0.3062497599869151,2020,3,3,1.0,1,0.0,0.0,0.0,1.0,0.0,0.0,0.0,0
0.5880958170882212,-0.6184142510518863,3.139346768727214,1.0,7.833333333333333,0.14999221485474368,2020,3,4,3.0,0,0.0,0.0,1.0,1.0,0.0,0.0,0.0,0
-1.432560598657914,-0.8294575577562451,2.2519448665072006,0.0,5.166666666666667,0.3429762512342023,2020,3,5,3.0,1,0.0,0.0,1.0,0.0,0.0,1.0,0.0,1
-1.432560598657914,-0.6650909655826478,3.719965742444324,0.0,6.0,0.3865988303075734,2020,3,6,1.0,1,1.0,0.0,0.0,0.0,1.0,0.0,0.0,0
-1.432560598657914,0.9381952555522081,4.359476283497508,0.0,13.666666666666666,1.2513325163294229,2020,3,0,3.0,2,0.0,1.0,0.0,1.0,0.0,0.0,0.0,0
-0.3653217238302005,1.5269820806571748,3.6031036901181057,0.0,20.833333333333332,1.1593147191879327,2020,3,1,0.0,1,0.0,0.0,0.0,0.0,0.0,0.0,0.0,0
0.5880958170882212,-0.277662624350807,3.8281305403515544,0.0,3.3333333333333335,0.19234138061765765,2020,3,2,1.0,0,1.0,0.0,0.0,1.0,0.0,0.0,0.0,1
-0.3653217238302005,1.3881204043858748,4.201745139853746,1.0,17.166666666666668,1.0462547347876867,2020,3,3,0.0,0,0.0,0.0,0.0,1.0,0.0,0.0,0.0,0
-1.432560598657914,-0.5344243124438897,3.9473991512768345,0.0,8.5,0.42524155856630447,2020,3,4,0.0,1,0.0,0.0,1.0,0.0,1.0,0.0,0.0,0
1.3892250767728098,-0.06757967221422621,4.4252071865128695,0.0,5.833333333333333,0.14951618973476258,2020,3,5,0.0,0,0.0,1.0,0.0,0.0,1.0,0.0,0.0,1
1.3892250767728098,-0.8516515266921137,4.4301405077590665,0.0,1.3333333333333333,0.08437007485373572,2020,3,6,0.0,0,0.0,0.0,0.0,0.0,0.0,0.0,1.0,0
1.3892250767728098,0.40999044233085274,1.930355891228411,0.0,3.5,0.2121622335267295,2020,3,0,1.0,2,0.0,0.0,0.0,0.0,0.0,0.0,0.0,0
-1.432560598657914,1.7437511872312519,4.331051284256368,0.0,7.166666666666667,2.268282028576544,2020,3,1,0.0,1,0.0,0.0,1.0,0.0,1.0,0.0,0.0,0
-0.3653217238302005,0.3008973534435084,3.860014171350502,0.0,8.666666666666666,0.47002379027645785,2020,3,2,0.0,2,0.0,0.0,0.0,0.0,0.0,1.0,0.0,0
1.468805533891762,-0.4210499349633991,4.553831087576076,0.0,7.166666666666667,0.11086029988882957,2020,3,3,3.0,0,0.0,0.0,0.0,0.0,0.0,0.0,0.0,1
0.5880958170882212,0.4318951416223674,3.9017885481564307,1.0,22.666666666666668,0.32340100036762054,2020,3,4,1.0,1,0.0,0.0,1.0,0.0,0.0,0.0,0.0,0
-0.3653217238302005,-1.2419658108601976,4.551987055246804,0.0,5.666666666666667,0.1524628327752587,2020,3,5,1.0,0,1.0,0.0,0.0,0.0,1.0,0.0,0.0,1
1.468805533891762,1.2968417438347464,4.30286494775705,1.0,4.333333333333333,0.39122503672657966,2020,3,6,2.0,1,0.0,0.0,1.0,0.0,0.0,0.0,0.0,0
-0.3653217238302005,0.009757097178656067,3.3454887263624093,1.0,11.666666666666666,0.37973291341546705,2020,3,0,1.0,0,1.0,0.0,0.0,0.0,1.0,0.0,0.0,0
1.468805533891762,-0.14669932617188483,3.9973847383263363,0.0,18.666666666666668,0.13546475753317025,2020,3,1,1.0,1,0.0,1.0,0.0,1.0,0.0,0.0,0.0,1
-0.3653217238302005,0.36347003949500706,4.420979940654854,0.0,6.666666666666667,0.4921002370602567,2020,3,3,1.0,1,1.0,0.0,0.0,1.0,0.0,0.0,0.0,0
-1.432560598657914,-1.4638378457191608,2.6921254351753845,0.0,3.6666666666666665,0.21632060376843076,2020,3,4,1.0,1,0.0,1.0,0.0,0.0,1.0,0.0,0.0,0
0.5880958170882212,0.537247922605007,4.2423834561189535,1.0,15.666666666666666,0.349411245617038,2020,3,5,1.0,1,1.0,0.0,0.0,0.0,1.0,0.0,0.0,1
1.3892250767728098,-0.796445245260902,3.6136752624796418,0.0,0.8333333333333334,0.08783022112340079,2020,3,6,1.0,1,0.0,0.0,1.0,1.0,0.0,0.0,0.0,0
-0.3653217238302005,0.6348866006460459,1.891363986248906,0.0,21.833333333333332,0.600637943231927,2020,3,0,2.0,1,1.0,0.0,0.0,0.0,0.0,1.0,0.0,0
0.5880958170882212,1.010016394444621,3.7451011552245084,1.0,15.666666666666666,0.4947445600647297,2020,3,1,1.0,1,0.0,1.0,0.0,0.0,0.0,1.0,0.0,0
-1.432560598657914,0.1526747098423234,4.378247431809774,0.0,15.666666666666666,0.7027182596557361,2020,4,3,2.0,1,0.0,1.0,0.0,0.0,1.0,0.0,0.0,0
-0.3653217238302005,0.05919402756742154,3.59346252550543,1.0,23.0,0.3937284845616829,2020,4,4,3.0,1,0.0,1.0,0.0,0.0,0.0,0.0,0.0,0
-1.432560598657914,-1.1612410463293954,4.387973075197804,0.0,12.333333333333334,0.26944752515108344,2020,4,5,0.0,0,0.0,0.0,0.0,0.0,1.0,0.0,0.0,0
0.5880958170882212,0.8377359363226694,1.8006885684273146,0.0,8.0,0.43579808216175436,2020,4,6,3.0,0,0.0,0.0,0.0,0.0,0.0,0.0,0.0,0
-0.3653217238302005,-0.6968259816122898,3.5176083209387783,0.0,15.0,0.22665685432973393,2020,4,0,2.0,0,0.0,1.0,0.0,1.0,0.0,0.0,0.0,0
0.5880958170882212,-0.00875170514993648,3.321608184304161,0.0,3.8333333333333335,0.2341396500503681,2020,4,1,0.0,1,0.0,1.0,0.0,0.0,0.0,0.0,1.0,1
0.5880958170882212,-0.6543490796971947,3.2966166543412863,0.0,17.5,0.14611431652303986,2020,4,2,2.0,1,0.0,1.0,0.0,0.0,0.0,0.0,0.0,0
-0.3653217238302005,-1.1974803392854707,2.496241811657509,1.0,16.5,0.15746856302579243,2020,4,3,2.0,1,0.0,0.0,0.0,0.0,0.0,1.0,0.0,1
1.468805533891762,0.3775821009982754,3.1285652370750308,0.0,17.5,0.19888905264490547,2020,4,4,1.0,1,0.0,0.0,0.0,0.0,1.0,0.0,0.0,0
-0.3653217238302005,-1.5453572281911025,4.025342070862196,0.0,5.666666666666667,0.12234525919984815,2020,4,5,0.0,1,1.0,0.0,0.0,1.0,0.0,0.0,0.0,0
-1.432560598657914,0.7472236119446981,3.472664859396241,1.0,6.166666666666667,1.0872563277576277,2020,4,6,1.0,1,1.0,0.0,0.0,0.0,0.0,1.0,0.0,1
0.5880958170882212,-0.546827469887995,3.774266250741082,1.0,2.6666666666666665,0.15802978560124212,2020,4,0,0.0,1,0.0,1.0,0.0,1.0,0.0,0.0,0.0,0
0.5880958170882212,-1.8231655193708172,3.6868278317564895,0.0,20.333333333333332,0.06253359735210398,2020,4,1,2.0,1,0.0,0.0,1.0,0.0,0.0,0.0,1.0,0
-0.3653217238302005,0.03304474409874862,4.440666267113446,0.0,16.333333333333332,0.38626199259779287,2020,4,2,2.0,0,0.0,0.0,1.0,0.0,1.0,0.0,0.0,1
1.3892250767728098,-1.5813730960498082,4.471374871807297,0.0,23.5,0.049664124006772024,2020,4,3,3.0,1,0.0,0.0,0.0,0.0,1.0,0.0,0.0,0
1.468805533891762,-0.6810421468306965,3.919318874710008,0.0,13.333333333333334,0.0917116242162654,2020,4,4,0.0,1,0.0,0.0,0.0,0.0,0.0,0.0,1.0,0
-1.432560598657914,0.6128754244908299,3.5755437635777194,0.0,5.5,0.9849983337344363,2020,4,5,1.0,0,0.0,0.0,0.0,0.0,1.0,0.0,0.0,0
1.468805533891762,-1.5058827113082582,2.7480439077403616,0.0,20.166666666666668,0.050358488458621516,2020,4,6,3.0,0,0.0,1.0,0.0,0.0,0.0,0.0,0.0,0
-1.432560598657914,1.0765654246718068,4.519680477702877,1.0,3.1666666666666665,1.3856324240351108,2020,4,0,3.0,1,0.0,0.0,1.0,1.0,0.0,0.0,0.0,0
-1.432560598657914,-1.8029087540694375,2.4354034225393497,1.0,1.0,0.1692175940722838,2020,4,1,3.0,0,1.0,0.0,0.0,0.0,0.0,1.0,0.0,0
-1.432560598657914,-0.7796769624007449,3.4900786060431463,0.0,20.166666666666668,0.35563626327345277,2020,4,2,1.0,0,0.0,1.0,0.0,0.0,0.0,0.0,1.0,0
1.3892250767728098,0.7216964391824967,3.491219608043176,0.0,3.6666666666666665,0.2667592520858073,2020,4,3,3.0,1,1.0,0.0,0.0,0.0,0.0,0.0,0.0,0
0.5880958170882212,-0.5510147569192047,3.5506546576123004,0.0,1.1666666666666667,0.15754790184506012,2020,4,4,1.0,0,1.0,0.0,0.0,0.0,0.0,1.0,0.0,0
-1.432560598657914,-1.330375675411458,3.034270825940285,0.0,23.166666666666668,0.2383094607976597,2020,4,5,3.0,2,0.0,1.0,0.0,0.0,0.0,1.0,0.0,0
0.5880958170882212,-0.7002055364081645,2.8346715495892676,1.0,16.5,0.14131223298189777,2020,4,0,2.0,1,0.0,0.0,1.0,0.0,0.0,0.0,0.0,0
-0.3653217238302005,1.0903456905214524,4.145379812612419,0.0,21.0,0.8398687751172614,2020,4,1,2.0,0,1.0,0.0,0.0,0.0,0.0,1.0,0.0,0
1.3892250767728098,-0.5603256144529462,2.841773215571636,0.0,2.5,0.10432117061466445,2020,4,2,2.0,0,0.0,0.0,1.0,0.0,0.0,1.0,0.0,0
1.3892250767728098,0.8855042515422369,2.5135109013940933,1.0,12.0,0.3009292755141622,2020,4,3,2.0,1,0.0,0.0,1.0,0.0,0.0,0.0,0.0,0
-0.3653217238302005,1.3129679284149134,4.475615508104225,0.0,21.166666666666668,0.9897743835328443,2020,5,4,2.0,1,0.0,0.0,1.0,0.0,1.0,0.0,0.0,0
1.468805533891762,-0.19239040507865546,3.140334178680917,0.0,19.5,0.13101408279566118,2020,5,5,3.0,1,0.0,0.0,0.0,0.0,0.0,1.0,0.0,1
1.468805533891762,-0.3613990021822453,4.007638200522254,0.0,16.166666666666668,0.11579501305351214,2020,5,0,3.0,0,0.0,1.0,0.0,0.0,0.0,0.0,0.0,0
0.5880958170882212,1.7437511872312519,2.5654943446820404,1.0,4.333333333333333,0.8506075328093237,2020,5,1,1.0,1,0.0,1.0,0.0,0.0,0.0,1.0,0.0,0
0.5880958170882212,-1.3851804048861887,4.521683541418057,0.0,21.833333333333332,0.085882453100024,2020,5,2,1.0,0,1.0,0.0,0.0,0.0,0.0,0.0,1.0,0
-1.432560598657914,0.5507849281536323,3.3402614311746364,0.0,23.0,0.9410726261979049,2020,5,3,1.0,0,0.0,0.0,0.0,1.0,0.0,0.0,0.0,1
1.3892250767728098,-0.017105373719041556,4.423265515265877,0.0,4.833333333333333,0.15514173208708212,2020,5,4,1.0,1,0.0,0.0,0.0,0.0,0.0,1.0,0.0,1
-0.3653217238302005,-0.3301061073331828,3.053666244489503,1.0,14.833333333333334,0.29617913314673894,2020,5,5,2.0,1,0.0,0.0,1.0,1.0,0.0,0.0,0.0,0
-1.432560598657914,0.3869249570837279,4.417090395052579,0.0,9.833333333333334,0.8344029969268955,2020,5,6,2.0,0,1.0,0.0,0.0,1.0,0.0,0.0,0.0,0
-1.432560598657914,0.603087321651317,1.9727736664492908,0.0,24.666666666666668,0.9779388352939653,2020,5,0,2.0,0,1.0,0.0,0.0,0.0,1.0,0.0,0.0,1
-0.3653217238302005,-1.7999410102052484,3.952401530582459,0.0,16.5,0.10174892309885238,2020,5,1,0.0,0,0.0,1.0,0.0,1.0,0.0,0.0,0.0,1
-0.3653217238302005,-1.067497041121095,4.32081367303434,0.0,24.333333333333332,0.17306578281691798,2020,5,2,3.0,0,1.0,0.0,0.0,0.0,1.0,0.0,0.0,0
0.5880958170882212,0.6320163943639123,4.501270786539357,0.0,20.5,0.3746079145572734,2020,5,3,1.0,1,0.0,0.0,0.0,0.0,0.0,0.0,0.0,0
1.3892250767728098,0.48776592986860734,4.475382545439897,0.0,2.1666666666666665,0.22462796033794508,2020,5,4,1.0,1,1.0,0.0,0.0,0.0,1.0,0.0,0.0,0
-0.3653217238302005,1.7437511872312519,4.379100335474855,0.0,7.666666666666667,1.36097103176792,2020,5,5,2.0,0,0.0,1.0,0.0,0.0,0.0,0.0,1.0,1
0.5880958170882212,0.7887267205779002,4.453617046773658,0.0,9.5,0.4203619389867614,2020,5,6,1.0,1,0.0,0.0,1.0,0.0,0.0,1.0,0.0,0
1.3892250767728098,0.5989657994080263,3.4524159160336727,0.0,7.166666666666667,0.2437459973578501,2020,5,1,3.0,1,0.0,1.0,0.0,0.0,0.0,0.0,0.0,0
1.3892250767728098,-0.6094662975543236,3.4659598540612477,0.0,21.0,0.10064929095946834,2020,5,2,2.0,1,0.0,0.0,1.0,0.0,0.0,0.0,1.0,0
-0.3653217238302005,-1.3155224852569785,3.6872494711670294,0.0,3.1666666666666665,0.14453546221388994,2020,5,3,3.0,1,0.0,1.0,0.0,0.0,1.0,0.0,0.0,0
0.5880958170882212,0.8603508820523248,3.723253352304222,1.0,21.166666666666668,0.44311259013788246,2020,5,4,0.0,1,0.0,1.0,0.0,0.0,0.0,1.0,0.0,1
-0.3653217238302005,0.42093810599387077,4.007514609118177,0.0,19.166666666666668,0.5132964923878253,2020,5,5,0.0,1,1.0,0.0,0.0,0.0,1.0,0.0,0.0,0
-0.3653217238302005,-1.5749006168854738,3.0150043043724652,1.0,22.5,0.11975402227257226,2020,5,6,0.0,1,1.0,0.0,0.0,1.0,0.0,0.0,0.0,0
1.3892250767728098,-0.41416987950907913,4.222623430680988,1.0,14.5,0.11606089640054584,2020,5,0,2.0,0,0.0,0.0,1.0,0.0,1.0,0.0,0.0,0
-0.3653217238302005,1.7395668106591242,3.0483716171374784,0.0,2.3333333333333335,1.3567614914946629,2020,5,1,1.0,0,1.0,0.0,0.0,0.0,0.0,0.0,0.0,0
-0.3653217238302005,0.0019864951962190298,3.5242336582446847,1.0,16.0,0.3775791624370153,2020,5,2,2.0,0,1.0,0.0,0.0,0.0,0.0,1.0,0.0,0
-0.3653217238302005,-0.1956021922882432,3.937711448932405,0.0,5.5,0.3267666964956267,2020,5,3,2.0,0,0.0,1.0,0.0,0.0,1.0,0.0,0.0,0
1.3892250767728098,-0.12224139138460909,4.352593325223117,0.0,6.5,0.1436557464618778,2020,5,4,1.0,0,0.0,0.0,0.0,0.0,0.0,1.0,0.0,0
-0.3653217238302005,-0.9124529573857335,4.2843067299460955,1.0,1.6666666666666667,0.19372323625456583,2020,5,5,3.0,1,1.0,0.0,0.0,0.0,0.0,1.0,0.0,0
-1.432560598657914,-0.387638456369804,4.160414598693426,1.0,24.0,0.47332205729925575,2020,5,6,0.0,0,0.0,0.0,0.0,1.0,0.0,0.0,0.0,0
0.5880958170882212,-0.3842596683806337,2.9967114665987307,0.0,19.166666666666668,0.17793454869482347,2020,6,0,3.0,0,1.0,0.0,0.0,1.0,0.0,0.0,0.0,0
1.3892250767728098,-1.5548119461647851,4.0115801740928365,0.0,7.0,0.050629181265031915,2020,6,1,0.0,0,1.0,0.0,0.0,0.0,0.0,0.0,0.0,1
-1.432560598657914,0.8109389860561579,2.6297415840566436,0.0,13.5,1.1394335162969789,2020,6,2,2.0,1,0.0,0.0,1.0,0.0,0.0,0.0,1.0,1
-1.432560598657914,-0.2436656331926631,3.687946166528997,1.0,16.166666666666668,0.5258105290740829,2020,6,3,0.0,1,0.0,0.0,1.0,0.0,0.0,1.0,0.0,0
-1.432560598657914,1.0086454950899526,3.7662220827625923,0.0,11.833333333333334,1.31798416657471,2020,6,4,2.0,1,0.0,0.0,1.0,0.0,0.0,0.0,1.0,0
-0.3653217238302005,1.1221197430622003,2.259993778954684,0.0,23.333333333333332,0.8597753555448318,2020,6,5,3.0,1,0.0,0.0,0.0,0.0,0.0,0.0,0.0,1
-0.3653217238302005,-0.9013164451615622,3.4229239397707896,0.0,2.0,0.1952994671426907,2020,6,6,2.0,0,0.0,1.0,0.0,0.0,0.0,1.0,0.0,0
0.5880958170882212,0.46049970463887,4.521880442981237,0.0,21.0,0.3302635680383673,2020,6,0,3.0,0,1.0,0.0,0.0,0.0,0.0,1.0,0.0,1
0.5880958170882212,-0.07967761204943526,4.51990566096019,1.0,14.666666666666666,0.2222979365677651,2020,6,1,1.0,1,1.0,0.0,0.0,0.0,0.0,0.0,1.0,1
0.5880958170882212,1.2554400226337907,3.6299103252849596,0.0,22.666666666666668,0.5928918937107228,2020,6,2,1.0,1,1.0,0.0,0.0,0.0,1.0,0.0,0.0,0
-0.3653217238302005,-0.8879680279038016,2.290412284606552,1.0,14.833333333333334,0.19720582437487014,2020,6,3,1.0,0,0.0,0.0,0.0,1.0,0.0,0.0,0.0,0
1.3892250767728098,0.5225341856619115,3.09641637609585,0.0,8.166666666666666,0.2304371043663205,2020,6,4,2.0,1,0.0,0.0,1.0,0.0,1.0,0.0,0.0,1
1.468805533891762,-0.6183786172776591,4.5141526804494125,0.0,15.166666666666666,0.09599755446438187,2020,6,6,0.0,1,0.0,0.0,0.0,1.0,0.0,0.0,0.0,0
0.5880958170882212,-1.1863131614482756,2.928946734740526,0.0,3.3333333333333335,0.09921943659587615,2020,6,0,3.0,1,0.0,0.0,1.0,0.0,1.0,0.0,0.0,0
-1.432560598657914,0.44333921766278184,4.31369995993581,0.0,13.5,0.8696758768040296,2020,6,1,3.0,1,0.0,0.0,0.0,1.0,0.0,0.0,0.0,0
0.5880958170882212,0.7141453988538439,2.758833840073245,0.0,2.1666666666666665,0.39792294104269144,2020,6,2,0.0,1,0.0,1.0,0.0,0.0,0.0,1.0,0.0,0
-0.3653217238302005,-0.5530608118791979,4.54662096741209,0.0,10.666666666666666,0.251700572862925,2020,6,3,2.0,1,0.0,0.0,1.0,0.0,1.0,0.0,0.0,0
0.5880958170882212,0.42297751989942667,3.6974794905570807,1.0,13.666666666666666,0.32129111405623195,2020,6,4,2.0,1,0.0,0.0,0.0,1.0,0.0,0.0,0.0,1
-0.3653217238302005,-0.3075620214947406,4.327717065649057,0.0,13.5,0.30109668603917494,2020,6,5,3.0,0,0.0,1.0,0.0,1.0,0.0,0.0,0.0,0
-1.432560598657914,0.6325253680840152,3.6063995432241205,0.0,12.5,0.9993261161347798,2020,6,6,1.0,1,1.0,0.0,0.0,1.0,0.0,0.0,0.0,0
1.3892250767728098,-0.9473628424737415,4.135009727553986,0.0,3.1666666666666665,0.07869378870618791,2020,6,0,2.0,0,0.0,1.0,0.0,0.0,1.0,0.0,0.0,0
-1.432560598657914,1.3046160571871257,3.147656804203275,0.0,12.5,1.6394821319082213,2020,6,1,2.0,1,1.0,0.0,0.0,0.0,0.0,0.0,0.0,0
1.3892250767728098,-0.6440811582713066,2.9518792179603444,0.0,17.666666666666668,0.09814133367132508,2020,6,2,0.0,1,0.0,0.0,0.0,0.0,1.0,0.0,0.0,0
-1.432560598657914,-0.3904543212498615,4.504529321469144,1.0,4.333333333333333,0.4723499689589961,2020,6,3,0.0,1,0.0,0.0,1.0,0.0,0.0,0.0,1.0,1
0.5880958170882212,-1.527500691963292,4.483999286875831,1.0,19.5,0.07746180888366541,2020,6,4,1.0,1,0.0,0.0,1.0,0.0,1.0,0.0,0.0,1
0.5880958170882212,-1.2894796621346751,4.452860198270737,0.0,0.8333333333333334,0.09205847901607907,2020,6,5,2.0,1,0.0,0.0,0.0,1.0,0.0,0.0,0.0,0
-0.3653217238302005,0.04673579881117579,4.131785014005728,0.0,2.3333333333333335,0.3901532548888526,2020,6,6,2.0,0,0.0,0.0,1.0,0.0,0.0,1.0,0.0,0
-0.3653217238302005,-0.7095396274376171,4.36620384965941,0.0,19.0,0.22456693775641431,2020,6,0,0.0,0,0.0,0.0,1.0,0.0,1.0,0.0,0.0,0
-0.3653217238302005,-1.7444102985483112,3.5871516037241413,0.0,9.0,0.1059207504362758,2020,7,2,3.0,1,0.0,0.0,0.0,1.0,0.0,0.0,0.0,0
-0.3653217238302005,-0.35600512969143516,3.533198306205188,0.0,2.6666666666666665,0.2906296810025209,2020,7,3,0.0,0,0.0,1.0,0.0,0.0,0.0,1.0,0.0,0
0.5880958170882212,-0.4845477044901877,4.146432124877555,0.0,15.5,0.1653751961164156,2020,7,4,1.0,2,1.0,0.0,0.0,0.0,0.0,1.0,0.0,1
1.468805533891762,-1.7200293106036622,3.638538327648432,0.0,19.333333333333332,0.04312266176905092,2020,7,5,0.0,0,0.0,0.0,0.0,0.0,0.0,0.0,1.0,0
1.3892250767728098,-1.2360097007961655,2.9634988305661465,1.0,13.666666666666666,0.06380158404944475,2020,7,6,2.0,0,1.0,0.0,0.0,0.0,1.0,0.0,0.0,0
0.5880958170882212,-0.2521805370731184,4.08903108378531,0.0,20.833333333333332,0.19595623142364707,2020,7,0,1.0,1,0.0,1.0,0.0,0.0,0.0,1.0,0.0,0
0.5880958170882212,-0.019858883925971335,4.373169435994219,0.0,4.5,0.23224401450347984,2020,7,1,0.0,0,0.0,1.0,0.0,0.0,0.0,1.0,0.0,0
0.5880958170882212,-0.2800941697935288,3.698609822692959,0.0,23.0,0.19199998080995445,2020,7,2,3.0,1,0.0,0.0,0.0,0.0,0.0,0.0,0.0,0
-1.432560598657914,0.09032331489889095,2.885034448593373,0.0,4.833333333333333,0.6713441871949244,2020,7,3,3.0,1,0.0,1.0,0.0,0.0,0.0,0.0,0.0,0
1.468805533891762,0.2764620330986205,3.165556806746189,1.0,3.6666666666666665,0.18467079433752717,2020,7,4,0.0,1,1.0,0.0,0.0,0.0,0.0,1.0,0.0,0
0.5880958170882212,-1.7698420727974882,3.3095752995159584,1.0,24.166666666666668,0.06499326637295522,2020,7,5,3.0,0,0.0,1.0,0.0,0.0,0.0,0.0,1.0,0
-0.3653217238302005,-0.1035516376521783,3.49622823062417,1.0,7.833333333333333,0.34951876894910966,2020,7,6,3.0,1,1.0,0.0,0.0,0.0,0.0,1.0,0.0,0
-1.432560598657914,1.7437511872312519,4.156560957209952,0.0,13.666666666666666,2.268282028576544,2020,7,0,3.0,1,1.0,0.0,0.0,1.0,0.0,0.0,0.0,0
-0.3653217238302005,0.05590449200737386,4.09576178429489,1.0,5.333333333333333,0.3927812630714041,2020,7,1,1.0,0,0.0,1.0,0.0,0.0,1.0,0.0,0.0,0
-0.3653217238302005,0.5217061634333894,4.2289801632907675,0.0,10.5,0.5527121798651988,2020,7,2,3.0,1,0.0,0.0,0.0,0.0,0.0,0.0,1.0,0
1.3892250767728098,-0.5650634160196611,3.6539043593583167,1.0,11.166666666666666,0.10396134331386064,2020,7,3,3.0,0,0.0,0.0,1.0,1.0,0.0,0.0,0.0,1
-0.3653217238302005,0.8293421219776755,3.1932662616718432,1.0,10.0,0.6929823846311027,2020,7,5,1.0,0,1.0,0.0,0.0,1.0,0.0,0.0,0.0,0
-1.432560598657914,1.7437511872312519,4.357791380756547,1.0,23.5,2.268282028576544,2020,7,0,2.0,1,0.0,1.0,0.0,0.0,1.0,0.0,0.0,0
-0.3653217238302005,-1.231159486863608,3.1007352486189044,0.0,12.0,0.1536638555860388,2020,7,1,3.0,1,0.0,0.0,0.0,0.0,0.0,0.0,0.0,0
-1.432560598657914,-1.732510568161816,2.7655439810095532,0.0,8.333333333333334,0.17806135316780092,2020,7,2,0.0,1,0.0,0.0,0.0,1.0,0.0,0.0,0.0,0
0.5880958170882212,0.819821612770337,4.448885396640576,1.0,11.833333333333334,0.43009048337684147,2020,7,3,3.0,1,1.0,0.0,0.0,0.0,0.0,0.0,0.0,0
1.468805533891762,0.9517749448452331,3.6072265036706326,0.0,23.333333333333332,0.30333916661921817,2020,7,4,1.0,1,1.0,0.0,0.0,1.0,0.0,0.0,0.0,0
-1.432560598657914,-1.2531730674881576,4.212843063972499,1.0,1.6666666666666667,0.25204508443536566,2020,7,5,0.0,1,0.0,0.0,0.0,0.0,0.0,0.0,0.0,1
1.3892250767728098,-0.7162557276382636,2.114008942998765,0.0,4.666666666666667,0.09311293313056153,2020,7,6,1.0,0,0.0,0.0,1.0,0.0,1.0,0.0,0.0,0
-1.432560598657914,-1.7293314236326158,4.221039178296534,0.0,16.333333333333332,0.17847156023244254,2020,7,0,3.0,1,0.0,1.0,0.0,0.0,0.0,0.0,1.0,1
1.468805533891762,-0.6248502802054523,3.5394833959484204,1.0,2.8333333333333335,0.09554571809969058,2020,7,1,3.0,0,1.0,0.0,0.0,0.0,0.0,0.0,0.0,0
0.5880958170882212,0.8301035273902934,2.399410199523541,0.0,4.833333333333333,0.43335707133568885,2020,7,2,1.0,0,1.0,0.0,0.0,1.0,0.0,0.0,0.0,0
1.3892250767728098,0.05280520261470505,4.108956429353637,0.0,20.333333333333332,0.1632880765219479,2020,7,3,2.0,0,0.0,0.0,0.0,1.0,0.0,0.0,0.0,1
0.5880958170882212,-0.45107715977880636,3.3204334828973097,0.0,14.333333333333334,0.16946412394318047,2020,7,4,1.0,0,0.0,1.0,0.0,0.0,1.0,0.0,0.0,0
1.468805533891762,-0.3783820417721205,3.7089921261027925,0.0,19.166666666666668,0.11436791861116358,2020,8,5,3.0,1,0.0,0.0,0.0,1.0,0.0,0.0,0.0,0
0.5880958170882212,-1.8164404525801188,2.584169092872006,1.0,14.333333333333334,0.06283855712539055,2020,8,6,1.0,1,0.0,1.0,0.0,0.0,0.0,1.0,0.0,0
1.3892250767728098,0.4278337962527736,3.4909756581992517,1.0,8.166666666666666,0.21495900196091794,2020,8,1,1.0,0,0.0,1.0,0.0,0.0,0.0,0.0,0.0,0
-1.432560598657914,1.7437511872312519,2.644638515099066,1.0,19.666666666666668,2.268282028576544,2020,8,2,2.0,1,1.0,0.0,0.0,0.0,0.0,0.0,1.0,0
-1.432560598657914,-1.6978566115993927,1.8785843392727155,1.0,13.333333333333334,0.1825845803284099,2020,8,4,1.0,0,0.0,0.0,0.0,0.0,0.0,0.0,0.0,0
0.5880958170882212,1.3474747827103117,3.902930184703372,0.0,19.666666666666668,0.6345726440897597,2020,8,5,1.0,2,0.0,0.0,1.0,0.0,0.0,0.0,0.0,1
-0.3653217238302005,0.8651865152648779,2.8386263865962866,0.0,19.166666666666668,0.7115076532687544,2020,8,6,0.0,1,0.0,0.0,0.0,0.0,0.0,1.0,0.0,1
-0.3653217238302005,0.8552719376051828,3.517234243362767,1.0,6.5,0.7063341266713464,2020,8,0,3.0,1,0.0,1.0,0.0,0.0,1.0,0.0,0.0,0
-1.432560598657914,-0.12137513364797083,4.492509313940978,0.0,9.5,0.5749857186185686,2020,8,1,2.0,0,1.0,0.0,0.0,1.0,0.0,0.0,0.0,0
-0.3653217238302005,-0.2989267703569454,3.0229830646117946,0.0,5.0,0.3030020443939895,2020,8,2,0.0,0,0.0,0.0,1.0,0.0,0.0,1.0,0.0,1
-0.3653217238302005,-0.5937656007584365,4.53179173447339,0.0,3.0,0.24433909931472655,2020,8,3,1.0,0,1.0,0.0,0.0,0.0,0.0,1.0,0.0,1
-0.3653217238302005,-1.49187838290688,3.1995500361715803,0.0,20.333333333333332,0.12718062189246457,2020,8,4,3.0,1,0.0,0.0,0.0,0.0,0.0,0.0,1.0,0
-1.432560598657914,-0.7804297301855098,4.0109802328576345,1.0,9.166666666666666,0.35544135419610823,2020,8,6,2.0,1,1.0,0.0,0.0,0.0,0.0,0.0,1.0,0
-1.432560598657914,-0.04536590590704248,4.449721327868502,0.0,20.5,0.607863230162144,2020,8,0,0.0,1,0.0,0.0,1.0,0.0,0.0,1.0,0.0,0
0.5880958170882212,0.7432445679871852,4.022837693921681,0.0,3.8333333333333335,0.4065304624886009,2020,8,1,2.0,1,0.0,1.0,0.0,1.0,0.0,0.0,0.0,0
1.3892250767728098,-0.07522727757135347,3.991025105224468,0.0,14.333333333333334,0.148681974200964,2020,8,2,1.0,0,1.0,0.0,0.0,0.0,0.0,0.0,0.0,0
1.468805533891762,-1.5286711636960904,3.160874610316917,0.0,13.333333333333334,0.04953354278316323,2020,8,3,3.0,0,0.0,1.0,0.0,0.0,0.0,0.0,1.0,0
1.3892250767728098,1.7437511872312519,3.04264651664747,0.0,16.0,0.5670719248192224,2020,8,4,3.0,0,0.0,0.0,0.0,1.0,0.0,0.0,0.0,0
0.5880958170882212,1.6222627523102378,4.482822011428105,0.0,6.166666666666667,0.7774688187519875,2020,8,5,3.0,1,1.0,0.0,0.0,0.0,1.0,0.0,0.0,0
-0.3653217238302005,0.8722148760596259,3.569685864933669,0.0,5.333333333333333,0.7151982638946393,2020,8,6,1.0,0,0.0,0.0,1.0,0.0,0.0,0.0,1.0,0
1.3892250767728098,1.7437511872312519,3.6759817083008244,0.0,21.166666666666668,0.5670719248192224,2020,8,0,2.0,1,0.0,0.0,0.0,0.0,0.0,0.0,0.0,0
-1.432560598657914,0.12948060102962605,4.309242602666591,0.0,21.666666666666668,0.6908782148368103,2020,8,1,1.0,0,0.0,0.0,0.0,0.0,1.0,0.0,0.0,0
-0.3653217238302005,1.7437511872312519,3.597150971364303,0.0,6.833333333333333,1.36097103176792,2020,8,2,3.0,1,0.0,0.0,1.0,0.0,1.0,0.0,0.0,0
-1.432560598657914,-1.4463787892995779,4.518365553416382,1.0,17.166666666666668,0.21907650537776194,2020,8,3,1.0,1,1.0,0.0,0.0,0.0,0.0,0.0,0.0,0
0.5880958170882212,-0.39689614836570875,4.282392735186742,1.0,17.0,0.1763005045359385,2020,8,4,1.0,0,1.0,0.0,0.0,0.0,0.0,0.0,1.0,0
0.5880958170882212,-0.8539236228946903,4.090480972020511,0.0,21.833333333333332,0.12634592441724224,2020,8,5,1.0,1,0.0,0.0,0.0,0.0,0.0,1.0,0.0,1
-0.3653217238302005,-0.9596888681413805,4.445946579169408,1.0,14.0,0.18717899546293235,2020,8,6,2.0,0,1.0,0.0,0.0,0.0,0.0,0.0,0.0,0
1.468805533891762,-1.169493140102782,2.347991610649747,1.0,7.0,0.06428106655452036,2020,8,0,0.0,0,0.0,1.0,0.0,0.0,0.0,0.0,0.0,0
1.3892250767728098,0.35647547835795723,3.3719622458996197,0.0,13.5,0.2039924920715868,2020,9,1,0.0,1,0.0,0.0,1.0,0.0,0.0,0.0,0.0,0
-0.3653217238302005,0.8585881085459843,3.868139455791293,0.0,21.666666666666668,0.7080603003286633,2020,9,2,1.0,0,0.0,1.0,0.0,0.0,1.0,0.0,0.0,1
-0.3653217238302005,0.22745176567671724,3.2744266480963504,1.0,15.166666666666666,0.445382038314254,2020,9,3,0.0,1,1.0,0.0,0.0,1.0,0.0,0.0,0.0,0
1.3892250767728098,-1.1450598105580267,4.289794382473199,1.0,9.666666666666666,0.06815861247912713,2020,9,4,0.0,0,0.0,0.0,0.0,0.0,0.0,1.0,0.0,0
-0.3653217238302005,0.9665837425497635,4.485583656455755,0.0,3.3333333333333335,0.7666638049982517,2020,9,5,1.0,2,0.0,0.0,1.0,0.0,0.0,0.0,1.0,0
-1.432560598657914,0.3965466311702957,3.7873507866102485,1.0,5.333333333333333,0.8403151910942943,2020,9,6,1.0,0,1.0,0.0,0.0,0.0,0.0,0.0,1.0,0
-1.432560598657914,-0.3285454940900785,3.6052786366414975,0.0,8.333333333333334,0.4941942158711343,2020,9,0,3.0,1,1.0,0.0,0.0,1.0,0.0,0.0,0.0,0
1.468805533891762,0.5112944306228413,4.527636292441062,1.0,12.666666666666666,0.21940104960989118,2020,9,1,0.0,2,0.0,0.0,0.0,0.0,0.0,0.0,0.0,0
0.5880958170882212,-0.7353094837572065,3.8294393162073113,1.0,14.833333333333334,0.13774400146967747,2020,9,2,2.0,0,0.0,0.0,0.0,0.0,0.0,1.0,0.0,0
1.3892250767728098,-0.4600897219859204,3.9123100850255645,0.0,5.0,0.11223549555274753,2020,9,3,1.0,1,0.0,1.0,0.0,0.0,0.0,0.0,1.0,0
-0.3653217238302005,-0.6339777296522089,4.475737383468873,0.0,11.5,0.2372799785962284,2020,9,5,2.0,0,0.0,0.0,1.0,0.0,0.0,0.0,0.0,0
-0.3653217238302005,1.3042455207591603,4.312083037010721,1.0,19.833333333333332,0.9834215548615904,2020,9,0,3.0,0,0.0,1.0,0.0,0.0,0.0,1.0,0.0,0
-0.3653217238302005,0.6152175297017618,4.370240002577308,0.0,11.333333333333334,0.5920178767017394,2020,9,1,1.0,0,0.0,0.0,1.0,1.0,0.0,0.0,0.0,1
-0.3653217238302005,-1.5081585965692093,3.6045847592146516,0.0,15.166666666666666,0.12568855361252187,2020,9,2,2.0,0,0.0,0.0,0.0,1.0,0.0,0.0,0.0,0
0.5880958170882212,-1.1437174216626342,3.8073842252307055,0.0,18.5,0.10233763792911652,2020,9,3,1.0,1,1.0,0.0,0.0,0.0,0.0,1.0,0.0,0
0.5880958170882212,-1.7810554496775484,4.411129746897749,0.0,16.666666666666668,0.0644680438459386,2020,9,4,0.0,1,0.0,0.0,1.0,0.0,0.0,1.0,0.0,0
1.3892250767728098,0.38162074617430564,3.655658230897434,0.0,13.5,0.20779094464112804,2020,9,5,2.0,1,0.0,1.0,0.0,0.0,0.0,0.0,1.0,1
-0.3653217238302005,-0.15161784654462948,4.34968630345218,1.0,15.166666666666666,0.3374456399128137,2020,9,6,0.0,0,0.0,1.0,0.0,0.0,0.0,0.0,1.0,0
0.5880958170882212,-1.1956782243371238,4.507439478417322,0.0,10.166666666666666,0.09854682696399217,2020,9,0,0.0,1,0.0,1.0,0.0,0.0,0.0,1.0,0.0,0
0.5880958170882212,1.7437511872312519,4.12856776977626,0.0,17.833333333333332,0.8506075328093237,2020,9,1,3.0,0,1.0,0.0,0.0,0.0,1.0,0.0,0.0,0
-0.3653217238302005,0.08662917890075975,4.286980188310547,0.0,15.833333333333334,0.4017187384139082,2020,9,2,1.0,0,0.0,0.0,1.0,0.0,0.0,0.0,1.0,0
0.5880958170882212,-0.7965772055499419,4.362573112000794,1.0,8.166666666666666,0.13173261791152882,2020,9,3,2.0,0,0.0,0.0,1.0,0.0,1.0,0.0,0.0,0
-1.432560598657914,0.002572906853819057,4.407372307153458,1.0,15.333333333333334,0.6295679361418899,2020,9,4,0.0,1,1.0,0.0,0.0,0.0,0.0,1.0,0.0,0
-0.3653217238302005,0.5280619652867444,3.727013047891822,1.0,19.833333333333332,0.5552982999127027,2020,9,5,0.0,0,0.0,0.0,1.0,0.0,0.0,0.0,1.0,0
-1.432560598657914,-1.4435017952257687,2.3621466865457217,1.0,8.5,0.2195340247332848,2020,9,6,2.0,1,1.0,0.0,0.0,1.0,0.0,0.0,0.0,0
-0.3653217238302005,-0.6858937912129437,3.7416821385674854,1.0,23.166666666666668,0.22846961369480973,2020,9,0,0.0,0,1.0,0.0,0.0,0.0,0.0,1.0,0.0,0
-0.3653217238302005,0.9510693311017896,4.199275896003081,0.0,9.0,0.7579530050343307,2020,9,1,3.0,1,1.0,0.0,0.0,0.0,0.0,0.0,0.0,0
1.468805533891762,0.13553856494535862,4.296014988388336,0.0,15.833333333333334,0.16654868717797883,2020,10,3,3.0,0,0.0,0.0,1.0,0.0,0.0,1.0,0.0,0
0.5880958170882212,-0.19534577623836577,3.640959900472871,1.0,23.0,0.20426762386604796,2020,10,4,3.0,1,1.0,0.0,0.0,0.0,0.0,1.0,0.0,0
0.5880958170882212,-1.5957719397047738,4.145148137790204,1.0,15.833333333333334,0.07372308507118291,2020,10,5,0.0,1,0.0,0.0,1.0,0.0,0.0,0.0,1.0,0
-0.3653217238302005,-1.0720942713746753,3.125785606347141,0.0,23.5,0.17248841399324946,2020,10,6,2.0,0,0.0,1.0,0.0,0.0,0.0,0.0,1.0,1
0.5880958170882212,-0.15787700527660997,4.296512989587928,1.0,18.833333333333332,0.20994062942978223,2020,10,0,2.0,0,1.0,0.0,0.0,0.0,0.0,0.0,1.0,1
0.5880958170882212,-0.9113672671026114,4.0093790400104625,0.0,10.166666666666666,0.12117280059625526,2020,10,1,2.0,0,0.0,0.0,0.0,0.0,0.0,0.0,0.0,1
-1.432560598657914,-1.5662354736688977,3.1931803032696293,0.0,5.833333333333333,0.2008468102013839,2020,10,2,2.0,0,0.0,1.0,0.0,0.0,0.0,0.0,1.0,0
-0.3653217238302005,1.0942035675029105,3.474200155195562,0.0,4.166666666666667,0.8422607340335041,2020,10,3,1.0,0,0.0,0.0,0.0,0.0,0.0,1.0,0.0,0
-0.3653217238302005,1.7437511872312519,4.295580331259624,0.0,15.666666666666666,1.36097103176792,2020,10,4,2.0,1,0.0,0.0,1.0,0.0,0.0,0.0,1.0,0
0.5880958170882212,0.900578382794628,3.9006406962158304,0.0,7.333333333333333,0.4564311636029811,2020,10,5,1.0,1,0.0,0.0,1.0,1.0,0.0,0.0,0.0,0
-1.432560598657914,1.1367004293166298,3.2364339600922474,0.0,19.333333333333332,1.4484462400255187,2020,10,6,1.0,1,0.0,1.0,0.0,0.0,0.0,0.0,1.0,0
-1.432560598657914,-0.7962890096432357,4.533184345033047,0.0,8.166666666666666,0.3513599772728833,2020,10,0,3.0,2,0.0,0.0,1.0,0.0,0.0,0.0,0.0,0
1.468805533891762,1.7437511872312519,4.2536427108355985,0.0,13.5,0.5443890659727406,2020,10,1,1.0,0,0.0,0.0,0.0,1.0,0.0,0.0,0.0,1
-0.3653217238302005,-0.9557004141724147,4.523332329725357,1.0,15.166666666666666,0.1877228432908647,2020,10,2,0.0,1,1.0,0.0,0.0,0.0,0.0,1.0,0.0,1
-0.3653217238302005,1.6920757825579624,3.7941276803222332,1.0,17.5,1.3098955074898055,2020,10,3,1.0,0,1.0,0.0,0.0,0.0,0.0,1.0,0.0,0
-1.432560598657914,1.7437511872312519,3.886890424642185,1.0,20.166666666666668,2.268282028576544,2020,10,4,3.0,2,1.0,0.0,0.0,0.0,1.0,0.0,0.0,0
0.5880958170882212,0.627832355818787,4.463790584659418,0.0,16.0,0.3734577285990098,2020,10,5,1.0,1,0.0,1.0,0.0,1.0,0.0,0.0,0.0,0
-1.432560598657914,1.7437511872312519,3.9750811930766483,0.0,24.833333333333332,2.268282028576544,2020,10,6,0.0,0,0.0,0.0,1.0,0.0,1.0,0.0,0.0,0
-1.432560598657914,0.20202809645722603,4.243555950543807,1.0,5.333333333333333,0.728597813046894,2020,10,0,0.0,0,0.0,0.0,0.0,1.0,0.0,0.0,0.0,0
-0.3653217238302005,-0.7365324073782991,3.3567423712311184,0.0,4.833333333333333,0.2201939886089506,2020,10,1,0.0,0,0.0,0.0,1.0,1.0,0.0,0.0,0.0,0
-1.432560598657914,-0.1830181289564296,3.833096288775066,0.0,10.333333333333334,0.5496437298494402,2020,10,2,3.0,1,0.0,0.0,1.0,0.0,0.0,0.0,0.0,0
1.468805533891762,0.2718790863114152,2.8396916043257905,0.0,7.5,0.18405125496085487,2020,10,3,3.0,0,0.0,0.0,1.0,0.0,1.0,0.0,0.0,0
-1.432560598657914,-1.4578674017669493,3.20023121854704,0.0,23.0,0.21725907727897165,2020,10,4,2.0,2,1.0,0.0,0.0,0.0,0.0,0.0,0.0,0
1.3892250767728098,0.3562679139240398,1.8058115043165348,0.0,13.166666666666666,0.20396143059796634,2020,10,5,3.0,0,0.0,0.0,0.0,1.0,0.0,0.0,0.0,0
-1.432560598657914,1.7437511872312519,2.2548491110590576,0.0,7.0,2.268282028576544,2020,10,6,0.0,0,0.0,0.0,0.0,0.0,0.0,1.0,0.0,0
-0.3653217238302005,-0.980692065092755,4.542821735144721,0.0,23.0,0.18434120776371798,2020,10,0,0.0,2,0.0,0.0,1.0,1.0,0.0,0.0,0.0,1
-0.3653217238302005,1.3980348389377524,4.185067933463287,0.0,24.333333333333332,1.0539447876909276,2020,10,2,1.0,1,1.0,0.0,0.0,0.0,1.0,0.0,0.0,0
-0.3653217238302005,1.6297227390385896,4.400835789374411,0.0,11.666666666666666,1.250833112690773,2020,10,3,3.0,0,0.0,0.0,0.0,0.0,1.0,0.0,0.0,0
-1.432560598657914,1.7437511872312519,4.017453462603242,0.0,1.1666666666666667,2.268282028576544,2020,10,4,3.0,0,1.0,0.0,0.0,0.0,0.0,0.0,0.0,0
1.468805533891762,0.06292324228946514,2.9848232361701235,0.0,20.166666666666668,0.15792222919132934,2020,10,5,0.0,1,1.0,0.0,0.0,0.0,1.0,0.0,0.0,1
-0.3653217238302005,1.7437511872312519,4.270123643625238,0.0,17.166666666666668,1.36097103176792,2020,11,6,2.0,0,1.0,0.0,0.0,0.0,0.0,0.0,1.0,0
1.468805533891762,0.7761560156463984,4.094721606281429,0.0,3.8333333333333335,0.2665551825517217,2020,11,0,0.0,2,0.0,1.0,0.0,0.0,0.0,1.0,0.0,0
0.5880958170882212,-1.0877420150873531,4.274059294216378,0.0,20.0,0.10658616038751358,2020,11,1,2.0,2,0.0,0.0,1.0,0.0,0.0,1.0,0.0,0
-1.432560598657914,-0.06623204047103383,4.32117724773352,0.0,21.5,0.5986532259147939,2020,11,2,0.0,0,0.0,0.0,0.0,0.0,0.0,1.0,0.0,1
-0.3653217238302005,0.6487914182380554,4.541025540248776,0.0,15.333333333333334,0.6068080979523048,2020,11,3,3.0,1,0.0,0.0,0.0,0.0,1.0,0.0,0.0,0
-0.3653217238302005,-0.7779124998412242,4.053881794880437,1.0,6.5,0.213656412679093,2020,11,4,0.0,1,0.0,1.0,0.0,0.0,1.0,0.0,0.0,0
1.3892250767728098,0.41040471511844007,3.60407564253469,0.0,0.8333333333333334,0.2122267485546017,2020,11,5,0.0,0,0.0,0.0,1.0,1.0,0.0,0.0,0.0,0
-0.3653217238302005,0.488417386295485,4.164520446666865,0.0,21.666666666666668,0.5393644194787462,2020,11,6,0.0,1,0.0,0.0,0.0,1.0,0.0,0.0,0.0,0
0.5880958170882212,-1.0837868649539817,2.4981242307476847,0.0,15.5,0.10689300233337448,2020,11,0,3.0,2,1.0,0.0,0.0,0.0,0.0,1.0,0.0,0
1.468805533891762,0.18911396549501955,4.463212058225128,0.0,24.666666666666668,0.1732167234600065,2020,11,1,3.0,0,0.0,0.0,0.0,0.0,0.0,0.0,1.0,0
-1.432560598657914,-0.0023752930017090553,3.569697623999055,0.0,3.3333333333333335,0.6272918724670491,2020,11,3,3.0,0,0.0,1.0,0.0,1.0,0.0,0.0,0.0,1
-0.3653217238302005,-1.7581784955996353,4.37471351206456,1.0,12.833333333333334,0.1048705726139349,2020,11,4,2.0,1,1.0,0.0,0.0,0.0,1.0,0.0,0.0,0
-0.3653217238302005,-1.7746015991615396,4.090304981587686,0.0,22.166666666666668,0.10363161827712514,2020,11,5,2.0,1,0.0,0.0,0.0,0.0,0.0,0.0,1.0,0
-0.3653217238302005,-0.4234667113018161,3.723937593287799,0.0,7.666666666666667,0.2766619234041959,2020,11,6,1.0,1,0.0,0.0,0.0,0.0,0.0,1.0,0.0,0
1.468805533891762,1.507246914021538,3.8838130056247726,0.0,14.0,0.4570102227202061,2020,11,0,3.0,0,0.0,0.0,0.0,1.0,0.0,0.0,0.0,0
0.5880958170882212,-0.8423832397828491,4.41774682173664,1.0,18.0,0.1274117834762499,2020,11,1,2.0,1,0.0,1.0,0.0,0.0,0.0,0.0,1.0,0
0.5880958170882212,0.3918238824226894,3.600059025742336,0.0,6.333333333333333,0.3140286387280066,2020,11,2,0.0,1,0.0,1.0,0.0,0.0,0.0,0.0,1.0,0
-0.3653217238302005,-0.8655478636757388,4.434007793071738,1.0,15.5,0.2004501109919819,2020,11,3,3.0,1,0.0,0.0,1.0,0.0,0.0,1.0,0.0,0
1.3892250767728098,-0.5338722595502499,2.6341954431979837,0.0,21.5,0.10635347279653196,2020,11,4,1.0,0,0.0,0.0,0.0,0.0,0.0,0.0,1.0,0
1.468805533891762,1.112436704619137,4.329572921850382,1.0,8.166666666666666,0.34146399910946074,2020,11,5,1.0,2,1.0,0.0,0.0,0.0,0.0,0.0,1.0,0
1.3892250767728098,0.6825351997112921,4.410119398910142,1.0,23.0,0.25918733494828705,2020,11,6,1.0,1,0.0,1.0,0.0,0.0,0.0,0.0,1.0,0
0.5880958170882212,-0.20749989815214015,3.8006709745143823,0.0,21.0,0.20246083461900136,2020,11,1,2.0,0,0.0,0.0,0.0,0.0,0.0,1.0,0.0,0
0.5880958170882212,-1.6692788026832346,3.0395089253193173,0.0,12.333333333333334,0.06990082757452858,2020,11,2,0.0,0,0.0,1.0,0.0,0.0,0.0,0.0,1.0,0
0.5880958170882212,0.47581525906504096,3.992335814323508,1.0,18.166666666666668,0.33399814922619986,2020,11,4,1.0,0,0.0,1.0,0.0,1.0,0.0,0.0,0.0,1
0.5880958170882212,-1.2602430506163986,4.145973569311193,0.0,8.666666666666666,0.09403319581774483,2020,11,5,0.0,1,0.0,1.0,0.0,0.0,0.0,1.0,0.0,0
0.5880958170882212,-0.6392609778516093,3.164792411233765,0.0,7.166666666666667,0.14773007341916686,2020,11,6,0.0,1,1.0,0.0,0.0,0.0,1.0,0.0,0.0,0
-1.432560598657914,-0.29943310191924766,3.2211583213787316,0.0,5.833333333333333,0.5048159734686553,2020,11,0,2.0,0,1.0,0.0,0.0,1.0,0.0,0.0,0.0,0
-0.3653217238302005,1.4656723586477471,2.2757029128781685,1.0,2.3333333333333335,1.1079512114164212,2020,12,1,2.0,1,0.0,0.0,1.0,0.0,0.0,1.0,0.0,1
-0.3653217238302005,1.7437511872312519,3.5549502157197277,0.0,5.666666666666667,1.36097103176792,2020,12,2,1.0,2,0.0,0.0,0.0,0.0,0.0,0.0,1.0,0
-0.3653217238302005,-1.590826770532202,4.032061620152936,0.0,3.6666666666666665,0.11838018811229686,2020,12,3,0.0,1,0.0,1.0,0.0,0.0,0.0,1.0,0.0,0
-1.432560598657914,0.7886256905536435,4.421417312466004,0.0,15.333333333333334,1.1208795172686588,2020,12,4,0.0,0,0.0,0.0,1.0,0.0,0.0,1.0,0.0,0
-0.3653217238302005,-0.37842848489002173,4.190010288983043,1.0,21.5,0.2859097579026798,2020,12,5,2.0,0,1.0,0.0,0.0,0.0,0.0,1.0,0.0,1
0.5880958170882212,-0.31560396407593794,3.8107799813880803,0.0,12.833333333333334,0.18708333536687408,2020,12,6,0.0,1,0.0,1.0,0.0,0.0,1.0,0.0,0.0,0
-0.3653217238302005,0.7659429041686212,4.519403237599239,0.0,3.1666666666666665,0.6613992575996216,2020,12,0,0.0,0,0.0,0.0,0.0,0.0,0.0,1.0,0.0,0
0.5880958170882212,1.458995240670492,4.258899049300294,0.0,1.3333333333333333,0.689061636882247,2020,12,1,0.0,1,1.0,0.0,0.0,0.0,1.0,0.0,0.0,0
-0.3653217238302005,1.687833026686733,4.4966365107093305,0.0,2.1666666666666665,1.3057889030570762,2020,12,2,2.0,1,1.0,0.0,0.0,0.0,0.0,0.0,1.0,0
1.468805533891762,0.2240360637319388,3.979362305616564,0.0,18.833333333333332,0.17770752878525117,2020,12,3,1.0,1,1.0,0.0,0.0,0.0,1.0,0.0,0.0,0
0.5880958170882212,-0.4231838764376749,3.377634775363024,1.0,23.5,0.17294953397543605,2020,12,4,3.0,1,0.0,0.0,1.0,0.0,0.0,0.0,1.0,0
0.5880958170882212,0.8805805473884354,2.375315138004372,1.0,22.666666666666668,0.44976051519363064,2020,12,5,1.0,1,0.0,0.0,0.0,0.0,0.0,0.0,1.0,0
-0.3653217238302005,-0.7654349789907663,4.267564219807976,0.0,3.3333333333333335,0.21560682569785772,2020,12,6,3.0,1,0.0,1.0,0.0,0.0,1.0,0.0,0.0,0
-0.3653217238302005,0.18618341071012143,2.8283349830318625,1.0,24.5,0.4321122721561651,2020,12,0,0.0,0,0.0,0.0,1.0,1.0,0.0,0.0,0.0,0
-0.3653217238302005,-0.41869716467284196,3.504047595481472,0.0,17.166666666666668,0.27762680949704244,2020,12,1,1.0,0,0.0,0.0,1.0,0.0,0.0,0.0,0.0,0
0.5880958170882212,0.45832638030224215,3.987545636799728,1.0,20.833333333333332,0.329737043575644,2020,12,2,3.0,1,0.0,0.0,1.0,0.0,0.0,1.0,0.0,0
1.468805533891762,-0.8017192033569708,4.039492185671562,1.0,9.333333333333334,0.08399383182709608,2020,12,3,2.0,0,1.0,0.0,0.0,0.0,0.0,0.0,0.0,0
0.5880958170882212,-0.9752265798072941,4.0952189752922425,0.0,12.166666666666666,0.1156722472308016,2020,12,4,2.0,1,0.0,0.0,0.0,0.0,0.0,1.0,0.0,0
1.3892250767728098,1.4578684620350912,3.042758012109793,1.0,1.5,0.4589922811380468,2020,12,5,1.0,0,0.0,0.0,1.0,0.0,0.0,1.0,0.0,0
0.5880958170882212,-1.3307564636606417,3.693278923091188,0.0,4.0,0.0893415429990192,2020,12,6,1.0,1,0.0,1.0,0.0,0.0,0.0,0.0,1.0,0
-1.432560598657914,0.018078447863235918,4.1198089166265035,0.0,13.833333333333334,0.636754249759046,2020,12,0,0.0,1,0.0,0.0,0.0,0.0,0.0,1.0,0.0,0
1.468805533891762,-0.8698618190737821,4.5356453639373875,0.0,19.166666666666668,0.07992877907946075,2020,12,1,1.0,1,0.0,1.0,0.0,0.0,0.0,1.0,0.0,1
0.5880958170882212,-1.6202592292275457,4.269512850746148,0.0,1.0,0.07242690789483179,2020,12,2,0.0,0,0.0,0.0,0.0,0.0,1.0,0.0,0.0,0
-0.3653217238302005,-1.6347488306187077,4.489022117102462,1.0,16.166666666666668,0.11467317289818504,2020,12,3,0.0,0,0.0,1.0,0.0,0.0,0.0,0.0,0.0,0
-1.432560598657914,-1.0361426463031425,4.312128245047082,1.0,2.8333333333333335,0.29509284532940017,2020,12,4,2.0,1,1.0,0.0,0.0,0.0,1.0,0.0,0.0,0
-1.432560598657914,1.1935322038965201,4.081842185540417,0.0,1.3333333333333333,1.5104489530839715,2020,12,5,2.0,0,0.0,0.0,1.0,0.0,0.0,1.0,0.0,0
-0.3653217238302005,-0.6602430545339903,3.1476849633816797,1.0,18.833333333333332,0.23278061710598555,2020,12,6,3.0,0,0.0,1.0,0.0,0.0,0.0,0.0,1.0,1
-1.432560598657914,1.6838864570255343,4.189680630635649,1.0,13.0,2.1699648418077,2020,12,0,2.0,0,0.0,0.0,0.0,0.0,1.0,0.0,0.0,1
-0.3653217238302005,0.23711249427323136,4.128812990501407,0.0,16.5,0.4485473625748204,2020,12,1,2.0,1,0.0,0.0,1.0,0.0,1.0,0.0,0.0,0
-0.3653217238302005,0.23265465176298294,3.9136362658023987,0.0,2.0,0.4470839463097486,2020,12,3,2.0,0,0.0,0.0,0.0,0.0,0.0,1.0,0.0,0
-1.432560598657914,0.049155079858311315,3.98115896138001,0.0,11.833333333333334,0.6514074013053867,2021,1,4,3.0,1,0.0,1.0,0.0,0.0,0.0,0.0,1.0,0
-0.3653217238302005,0.78109082478814,3.586288085289443,1.0,19.0,0.6688108097981197,2021,1,5,1.0,1,1.0,0.0,0.0,0.0,1.0,0.0,0.0,0
-0.3653217238302005,-0.6601861363534727,3.9653389572825595,0.0,2.1666666666666665,0.232790273778943,2021,1,6,3.0,0,1.0,0.0,0.0,0.0,1.0,0.0,0.0,0
0.5880958170882212,-0.43574171832935016,3.1688462163695394,1.0,20.166666666666668,0.17137150391627676,2021,1,0,2.0,2,0.0,1.0,0.0,0.0,0.0,0.0,1.0,0
0.5880958170882212,1.3242873698310726,4.362661532620605,0.0,2.5,0.6238007770941588,2021,1,1,3.0,1,0.0,0.0,1.0,0.0,0.0,1.0,0.0,0
1.3892250767728098,1.6512368001946713,3.1232423334111785,0.0,17.166666666666668,0.5295430782047932,2021,1,2,1.0,1,0.0,0.0,1.0,1.0,0.0,0.0,0.0,1
0.5880958170882212,1.3164479010669596,2.613517232461505,0.0,7.666666666666667,0.6202007820483493,2021,1,3,0.0,0,0.0,0.0,1.0,0.0,1.0,0.0,0.0,0
-0.3653217238302005,-0.2349194762855679,3.812470973865166,0.0,24.166666666666668,0.3175097223795529,2021,1,4,3.0,1,0.0,0.0,1.0,1.0,0.0,0.0,0.0,1
0.5880958170882212,0.8552347318672608,4.178190329941162,0.0,20.666666666666668,0.44144707107904296,2021,1,5,3.0,1,0.0,1.0,0.0,0.0,0.0,0.0,0.0,0
-1.432560598657914,-0.0678743278607017,3.8153912661170293,0.0,24.166666666666668,0.5979343484932927,2021,1,6,1.0,1,0.0,0.0,1.0,0.0,0.0,1.0,0.0,0
-0.3653217238302005,-0.006304258707724971,3.431010904715838,0.0,2.6666666666666665,0.37529482938928904,2021,1,0,1.0,0,0.0,0.0,0.0,0.0,0.0,0.0,0.0,0
0.5880958170882212,-0.9275711659699065,4.029546568315754,0.0,6.833333333333333,0.11975256698830257,2021,1,1,3.0,0,0.0,0.0,1.0,0.0,0.0,0.0,0.0,0
-0.3653217238302005,0.26479150009520275,3.617120533506562,0.0,13.0,0.4577425899444177,2021,1,2,2.0,1,1.0,0.0,0.0,0.0,0.0,0.0,0.0,0
0.5880958170882212,-0.9953659001332817,4.499343918678101,1.0,12.833333333333334,0.1139903268806741,2021,1,3,3.0,1,0.0,0.0,1.0,0.0,0.0,1.0,0.0,0
1.3892250767728098,-0.5026637665620106,4.489063947569746,0.0,9.333333333333334,0.10880252092671897,2021,1,4,1.0,1,0.0,1.0,0.0,0.0,0.0,1.0,0.0,1
1.3892250767728098,1.142028525986447,3.93600246227098,0.0,22.333333333333332,0.3635380046000553,2021,1,5,0.0,0,1.0,0.0,0.0,0.0,0.0,0.0,1.0,0
1.468805533891762,-0.9189422938818753,3.5698019408415234,0.0,10.0,0.07712436388660537,2021,1,6,0.0,1,0.0,1.0,0.0,1.0,0.0,0.0,0.0,0
-0.3653217238302005,-1.466667572189051,4.281403729574699,0.0,10.666666666666666,0.129526515748179,2021,1,0,2.0,1,0.0,1.0,0.0,1.0,0.0,0.0,0.0,1
-0.3653217238302005,-1.4765540868320504,2.2304621400674454,1.0,4.5,0.1286014056247706,2021,1,1,3.0,0,1.0,0.0,0.0,0.0,0.0,0.0,1.0,0
-0.3653217238302005,1.607706129589008,3.886278656107081,0.0,17.833333333333332,1.2306264560605062,2021,1,2,0.0,1,0.0,1.0,0.0,0.0,0.0,0.0,1.0,0
-0.3653217238302005,0.020864766443499046,3.5909662903033377,0.0,7.333333333333333,0.38283312814006354,2021,1,3,3.0,0,0.0,1.0,0.0,0.0,0.0,0.0,0.0,0
0.5880958170882212,-0.2647902801043235,4.48692962935128,1.0,11.333333333333334,0.19415894475173498,2021,1,4,1.0,1,0.0,0.0,1.0,0.0,0.0,0.0,1.0,1
0.5880958170882212,0.9656645097853506,1.9573123892450675,0.0,14.833333333333334,0.47884091186431843,2021,1,5,0.0,1,0.0,0.0,0.0,0.0,1.0,0.0,0.0,1
-0.3653217238302005,-0.500696870147231,4.285787204820384,0.0,5.833333333333333,0.2615007266237018,2021,1,0,1.0,0,0.0,1.0,0.0,0.0,0.0,0.0,1.0,0
-1.432560598657914,0.5711799810382532,3.905030995743385,0.0,4.0,0.9552786671820086,2021,1,1,2.0,0,0.0,1.0,0.0,0.0,1.0,0.0,0.0,1
-0.3653217238302005,0.8231396081945789,2.6163933388731277,0.0,22.333333333333332,0.6898265135706776,2021,1,2,1.0,0,0.0,0.0,1.0,0.0,1.0,0.0,0.0,0
-1.432560598657914,0.45237398651596794,4.538191624799355,0.0,2.8333333333333335,0.8754629966881581,2021,1,3,0.0,1,0.0,0.0,0.0,0.0,1.0,0.0,0.0,0
1.3892250767728098,-1.1268551358959,3.963114117031262,1.0,21.0,0.0690661509495491,2021,1,4,2.0,0,1.0,0.0,0.0,0.0,1.0,0.0,0.0,0
-0.3653217238302005,1.235268663527889,4.115400684426468,1.0,17.833333333333332,0.9346106438754915,2021,1,5,2.0,1,0.0,0.0,1.0,0.0,0.0,0.0,0.0,0
-1.432560598657914,0.11390280937379182,3.306699155069362,0.0,18.333333333333332,0.6830392969162928,2021,1,6,1.0,1,0.0,0.0,1.0,0.0,1.0,0.0,0.0,1
-1.432560598657914,-0.6602638137493759,3.9022721733979338,0.0,20.5,0.3879613080892688,2021,2,0,2.0,0,0.0,0.0,0.0,0.0,0.0,0.0,0.0,1
0.5880958170882212,-0.21777953938879108,3.7982596014326413,1.0,12.333333333333334,0.20094528911533066,2021,2,1,1.0,1,0.0,0.0,0.0,0.0,0.0,0.0,0.0,0
0.5880958170882212,-1.6270090932366168,2.544795768260979,0.0,17.166666666666668,0.07207367883357702,2021,2,2,1.0,1,0.0,0.0,1.0,0.0,1.0,0.0,0.0,0
-0.3653217238302005,-1.2216829621294447,2.7443456024739827,1.0,14.333333333333334,0.15472493688879183,2021,2,3,1.0,1,1.0,0.0,0.0,1.0,0.0,0.0,0.0,0
-0.3653217238302005,0.8040379238979728,4.399037707018495,1.0,13.166666666666666,0.6801982690083181,2021,2,4,1.0,1,0.0,0.0,1.0,0.0,1.0,0.0,0.0,1
-0.3653217238302005,-1.823845834326142,3.3172284879353335,1.0,20.333333333333332,0.10000445392031233,2021,2,5,0.0,1,0.0,0.0,0.0,0.0,1.0,0.0,0.0,0
-0.3653217238302005,-0.2434830818068579,3.1589663357656628,0.0,14.666666666666666,0.31552882902765034,2021,2,6,1.0,0,1.0,0.0,0.0,0.0,1.0,0.0,0.0,0
0.5880958170882212,0.06596064884199515,3.9404555545101183,0.0,12.166666666666666,0.24730280110496686,2021,2,0,3.0,1,0.0,0.0,0.0,1.0,0.0,0.0,0.0,0
0.5880958170882212,-1.5439151355944787,4.319981559948469,0.0,10.5,0.07654579660687848,2021,2,1,2.0,0,1.0,0.0,0.0,0.0,0.0,1.0,0.0,0
-1.432560598657914,-0.8513137711941159,4.0589369246828,0.0,19.166666666666668,0.33756243824728105,2021,2,3,0.0,1,0.0,0.0,0.0,0.0,0.0,0.0,0.0,1
1.468805533891762,-0.5896357245323961,2.8171401451278806,1.0,11.0,0.09803050975705942,2021,2,4,3.0,1,0.0,0.0,0.0,0.0,0.0,0.0,0.0,0
-0.3653217238302005,-0.590460047525888,2.2280225870961208,0.0,24.666666666666668,0.24492872003214336,2021,2,5,2.0,1,0.0,0.0,1.0,1.0,0.0,0.0,0.0,0
0.5880958170882212,-0.8363099265596485,2.374622523267431,0.0,22.0,0.12797634758591417,2021,2,6,3.0,0,0.0,0.0,0.0,0.0,0.0,0.0,1.0,0
-1.432560598657914,-1.8157786490917127,4.395371812087711,0.0,18.166666666666668,0.16764938065565452,2021,2,0,0.0,1,0.0,0.0,0.0,0.0,0.0,1.0,0.0,0
-0.3653217238302005,1.7437511872312519,2.3089272188409584,0.0,3.1666666666666665,1.36097103176792,2021,2,2,3.0,1,0.0,0.0,0.0,0.0,0.0,1.0,0.0,0
-0.3653217238302005,-0.8577436001291144,3.815754142777202,0.0,6.5,0.20159200899366642,2021,2,3,0.0,0,0.0,1.0,0.0,1.0,0.0,0.0,0.0,0
1.468805533891762,0.47766749083380033,4.406224154906527,1.0,3.0,0.21404981171384457,2021,2,4,0.0,1,0.0,1.0,0.0,1.0,0.0,0.0,0.0,0
-0.3653217238302005,0.7249524319077753,3.388340210802852,0.0,17.666666666666668,0.6417562929996636,2021,2,5,2.0,1,0.0,1.0,0.0,0.0,0.0,0.0,1.0,0
-0.3653217238302005,1.1140408137925368,3.783146717027006,0.0,17.333333333333332,0.8546691818764501,2021,2,6,2.0,2,0.0,1.0,0.0,0.0,0.0,0.0,1.0,0
-0.3653217238302005,-0.22548071344375872,2.2610365774064296,0.0,1.8333333333333333,0.3197075923397056,2021,2,0,3.0,0,1.0,0.0,0.0,1.0,0.0,0.0,0.0,0
-0.3653217238302005,-0.5937167185608803,3.8376671991967783,1.0,5.666666666666667,0.24434780812812343,2021,2,1,1.0,1,0.0,0.0,1.0,0.0,0.0,0.0,0.0,0
-1.432560598657914,-0.5224082935832682,4.060187413355655,1.0,8.833333333333334,0.42898518292581383,2021,2,2,0.0,0,1.0,0.0,0.0,0.0,0.0,1.0,0.0,0
-1.432560598657914,0.6306727736770765,4.04972430156758,0.0,24.666666666666668,0.9979663641070684,2021,2,3,3.0,0,0.0,0.0,0.0,0.0,1.0,0.0,0.0,0
0.5880958170882212,0.9879474632689226,3.581249762926183,1.0,19.166666666666668,0.4867655792005392,2021,2,4,0.0,0,1.0,0.0,0.0,0.0,0.0,0.0,1.0,0
-0.3653217238302005,-1.0121785252913678,3.537998023703154,1.0,12.666666666666666,0.1801680923204713,2021,2,5,0.0,0,1.0,0.0,0.0,0.0,1.0,0.0,0.0,0
-1.432560598657914,-0.38081724148720153,2.7470225311220964,0.0,14.0,0.4756852410270501,2021,2,6,1.0,1,0.0,0.0,0.0,0.0,0.0,0.0,0.0,0
1.468805533891762,1.3654321094847124,3.663865416862649,0.0,14.5,0.41154811062983665,2021,3,0,1.0,1,0.0,0.0,0.0,0.0,0.0,0.0,1.0,1
-1.432560598657914,0.9500601080879086,2.7050136085559946,0.0,7.666666666666667,1.2623147047705643,2021,3,1,3.0,1,0.0,0.0,0.0,0.0,1.0,0.0,0.0,1
1.468805533891762,1.7437511872312519,4.31740324358942,0.0,3.5,0.5443890659727406,2021,3,2,1.0,0,1.0,0.0,0.0,0.0,0.0,0.0,0.0,0
-0.3653217238302005,0.7658869869735951,4.53221970918786,1.0,1.8333333333333333,0.6613720525839112,2021,3,3,1.0,0,1.0,0.0,0.0,0.0,0.0,1.0,0.0,0
1.3892250767728098,-0.31338514213198787,4.535891928425303,0.0,2.3333333333333335,0.12492458304345819,2021,3,4,3.0,1,0.0,0.0,0.0,0.0,0.0,0.0,0.0,0
0.5880958170882212,0.26335610230581025,4.429105799534964,1.0,6.333333333333333,0.28578839858949123,2021,3,5,1.0,1,0.0,0.0,1.0,0.0,0.0,0.0,1.0,0
1.3892250767728098,0.47152975315262546,4.095532080852092,0.0,6.666666666666667,0.22196601843047198,2021,3,6,2.0,0,0.0,0.0,1.0,1.0,0.0,0.0,0.0,1
1.468805533891762,-1.433477923887163,4.2352350378820605,0.0,1.6666666666666667,0.05307268641462385,2021,3,0,0.0,1,0.0,1.0,0.0,0.0,0.0,1.0,0.0,0
-1.432560598657914,0.12952289603179495,3.4553231983073918,0.0,23.0,0.690899621236203,2021,3,1,0.0,0,0.0,0.0,0.0,0.0,1.0,0.0,0.0,0
1.468805533891762,0.6202532809616512,4.139466702895683,0.0,5.5,0.23768542958874875,2021,3,2,0.0,1,0.0,1.0,0.0,0.0,0.0,0.0,1.0,1
-0.3653217238302005,-1.066092046293491,3.850327573803237,1.0,21.666666666666668,0.17324262563992657,2021,3,3,0.0,1,0.0,0.0,1.0,1.0,0.0,0.0,0.0,1
-0.3653217238302005,0.8561675614629668,3.899577086899305,1.0,14.166666666666666,0.7067999087898271,2021,3,4,3.0,1,0.0,1.0,0.0,0.0,0.0,0.0,0.0,0
-0.3653217238302005,0.24336684641824627,4.306762673538339,0.0,13.166666666666666,0.45060868564140577,2021,3,5,0.0,2,0.0,0.0,0.0,1.0,0.0,0.0,0.0,0
-0.3653217238302005,1.6988419999999107,3.4459365581177748,0.0,5.0,1.3164715715010626,2021,3,6,0.0,1,0.0,0.0,0.0,0.0,0.0,0.0,1.0,0
-1.432560598657914,-1.6030199122175521,3.5445345211218577,0.0,21.833333333333332,0.1955649551315579,2021,3,0,0.0,0,0.0,0.0,0.0,0.0,0.0,0.0,1.0,0
-0.3653217238302005,-0.7171145663499198,4.491080136374494,0.0,19.833333333333332,0.22333099446178628,2021,3,1,0.0,1,1.0,0.0,0.0,1.0,0.0,0.0,0.0,1
-0.3653217238302005,0.2952240606685512,2.4033518618278658,0.0,21.666666666666668,0.46807226192037366,2021,3,2,2.0,0,0.0,1.0,0.0,0.0,0.0,0.0,0.0,1
0.5880958170882212,-0.6142983865299865,3.9061475156374246,0.0,5.333333333333333,0.150442954222466,2021,3,3,0.0,0,0.0,0.0,1.0,1.0,0.0,0.0,0.0,0
1.3892250767728098,0.6363806319607453,4.479063414372586,0.0,22.5,0.25054106791390324,2021,3,4,2.0,0,0.0,0.0,1.0,0.0,0.0,0.0,1.0,0
-0.3653217238302005,0.7818628219839763,4.109769495625974,1.0,13.166666666666666,0.6691907675824039,2021,3,5,3.0,1,0.0,0.0,1.0,0.0,0.0,0.0,1.0,1
-0.3653217238302005,-1.3277007562373826,4.010539615120917,0.0,13.666666666666666,0.14326369188805385,2021,3,6,1.0,1,1.0,0.0,0.0,0.0,1.0,0.0,0.0,0
-1.432560598657914,0.04092927023868395,3.3490959057186576,0.0,15.666666666666666,0.6474960040433706,2021,3,0,0.0,1,1.0,0.0,0.0,0.0,1.0,0.0,0.0,0
-1.432560598657914,0.026566928785238413,3.60807045751061,0.0,4.166666666666667,0.640723380915274,2021,3,1,1.0,2,0.0,0.0,0.0,0.0,0.0,1.0,0.0,0
0.5880958170882212,-0.3858859569356784,4.415030435679598,0.0,9.666666666666666,0.17772339689256808,2021,3,2,1.0,0,0.0,0.0,1.0,0.0,0.0,0.0,1.0,0
-0.3653217238302005,1.5517895497745748,4.0312207174540795,0.0,17.833333333333332,1.1807743719581263,2021,3,3,3.0,0,1.0,0.0,0.0,0.0,1.0,0.0,0.0,0
-1.432560598657914,1.0293637336138477,3.9575086191631885,1.0,10.5,1.3382586592231906,2021,3,4,1.0,0,0.0,0.0,0.0,1.0,0.0,0.0,0.0,0
1.468805533891762,0.5823340559067886,2.7055252974542436,1.0,12.666666666666666,0.23115401375652972,2021,3,5,2.0,0,0.0,0.0,1.0,0.0,0.0,0.0,0.0,0
-0.3653217238302005,0.6360715503843357,2.007211393132927,0.0,4.0,0.6011612792076614,2021,3,6,1.0,1,0.0,1.0,0.0,1.0,0.0,0.0,0.0,0
-0.3653217238302005,-0.11049965162001124,4.529710021376905,0.0,19.333333333333332,0.34774700219770593,2021,3,0,1.0,2,0.0,0.0,0.0,0.0,0.0,0.0,0.0,0
-1.432560598657914,0.5742116521254422,4.099152578315194,1.0,12.5,0.9574087508603031,2021,3,2,0.0,1,1.0,0.0,0.0,0.0,0.0,1.0,0.0,0
-0.3653217238302005,0.6829210922009861,2.578272257322629,0.0,23.5,0.6222253864913403,2021,4,3,0.0,0,0.0,0.0,0.0,1.0,0.0,0.0,0.0,1
0.5880958170882212,1.1709562738948298,4.211835491739257,0.0,18.833333333333332,0.5570653713861788,2021,4,4,2.0,1,0.0,0.0,0.0,1.0,0.0,0.0,0.0,0
-0.3653217238302005,-0.6879887915197324,4.499042751695962,0.0,22.166666666666668,0.22812109452932072,2021,4,5,2.0,1,1.0,0.0,0.0,1.0,0.0,0.0,0.0,0
-0.3653217238302005,0.9514606733596075,4.05715957025764,0.0,10.0,0.7581714977068441,2021,4,6,0.0,0,0.0,1.0,0.0,0.0,0.0,0.0,0.0,0
1.468805533891762,-0.961854255022868,2.853614351329306,0.0,6.5,0.07475384930076588,2021,4,0,2.0,1,0.0,0.0,1.0,0.0,1.0,0.0,0.0,1
1.3892250767728098,-0.45962440943608623,4.066543973363665,1.0,21.166666666666668,0.11227361379965757,2021,4,1,0.0,0,0.0,1.0,0.0,1.0,0.0,0.0,0.0,0
0.5880958170882212,-0.4899763239975584,4.317104695766694,0.0,22.5,0.16472145316574052,2021,4,2,3.0,1,0.0,0.0,0.0,1.0,0.0,0.0,0.0,0
-0.3653217238302005,1.7437511872312519,3.751325669741953,0.0,18.0,1.36097103176792,2021,4,3,1.0,1,0.0,1.0,0.0,0.0,0.0,1.0,0.0,0
0.5880958170882212,1.1485095349427807,4.4448300261262315,0.0,1.8333333333333333,0.5479192341940679,2021,4,4,1.0,1,1.0,0.0,0.0,0.0,0.0,1.0,0.0,0
-1.432560598657914,0.5946810827233611,4.1648257935854245,1.0,5.166666666666667,0.9719167376008,2021,4,5,2.0,1,0.0,0.0,0.0,0.0,1.0,0.0,0.0,0
-0.3653217238302005,0.6767205126983303,4.465130835568203,1.0,0.8333333333333334,0.6193953305774246,2021,4,6,0.0,0,0.0,0.0,1.0,0.0,1.0,0.0,0.0,0
-0.3653217238302005,0.18038543071166677,4.128995201237098,0.0,15.166666666666666,0.4302801713133097,2021,4,0,0.0,1,1.0,0.0,0.0,0.0,0.0,0.0,1.0,0
-0.3653217238302005,1.656295399282097,2.880092298177062,1.0,7.5,1.2756676608683588,2021,4,1,2.0,0,1.0,0.0,0.0,0.0,0.0,1.0,0.0,0
-0.3653217238302005,-0.010017448638657596,3.5225962131677417,0.0,21.166666666666668,0.3742762679758865,2021,4,2,0.0,0,0.0,0.0,1.0,0.0,0.0,0.0,1.0,0
-1.432560598657914,-0.3516856588603091,3.1847623338820514,0.0,13.166666666666666,0.4859124907464781,2021,4,3,3.0,0,0.0,0.0,1.0,0.0,0.0,0.0,0.0,0
1.468805533891762,-1.0824975125101917,4.474997544091539,0.0,7.666666666666667,0.06847569368986933,2021,4,4,1.0,2,0.0,1.0,0.0,0.0,0.0,0.0,1.0,0
1.468805533891762,0.8758125004126877,4.309939777135759,0.0,20.166666666666668,0.28683828539067086,2021,4,5,2.0,0,0.0,0.0,0.0,1.0,0.0,0.0,0.0,0
0.5880958170882212,0.7006091976420126,4.202837963294047,0.0,11.166666666666666,0.39398182801576553,2021,4,6,2.0,1,0.0,0.0,1.0,0.0,0.0,0.0,1.0,0
-0.3653217238302005,-0.3400618583762005,3.4991395120211104,0.0,21.833333333333332,0.29403334907293555,2021,4,0,0.0,1,0.0,0.0,1.0,0.0,1.0,0.0,0.0,0
1.3892250767728098,-1.6896181737520106,3.116357022583099,0.0,22.833333333333332,0.04591932855962471,2021,4,1,2.0,1,0.0,0.0,0.0,0.0,0.0,0.0,0.0,0
-1.432560598657914,1.075180127680184,4.3051536615661785,1.0,8.666666666666666,1.3842182633462166,2021,4,2,3.0,0,0.0,0.0,1.0,1.0,0.0,0.0,0.0,1
0.5880958170882212,-1.7618373987151326,3.8851494264054476,0.0,1.1666666666666667,0.06537083556252143,2021,4,3,0.0,1,0.0,0.0,1.0,0.0,0.0,0.0,1.0,1
-1.432560598657914,0.6025945641843553,3.270369367559873,0.0,20.0,0.977584795157508,2021,4,4,0.0,0,0.0,1.0,0.0,0.0,0.0,0.0,0.0,0
0.5880958170882212,1.7437511872312519,4.118971774867028,0.0,17.166666666666668,0.8506075328093237,2021,4,5,0.0,0,1.0,0.0,0.0,0.0,0.0,0.0,0.0,0
-1.432560598657914,-0.1810574630663494,2.264888074444248,1.0,20.0,0.5504321596507737,2021,4,6,0.0,1,1.0,0.0,0.0,1.0,0.0,0.0,0.0,0
1.3892250767728098,-0.8204667536382186,3.565448957288379,0.0,3.0,0.08630737491863873,2021,4,0,3.0,0,1.0,0.0,0.0,0.0,0.0,0.0,1.0,1
1.468805533891762,0.6062652432383379,3.874739109307855,0.0,19.333333333333332,0.23525465405544446,2021,4,1,0.0,1,1.0,0.0,0.0,0.0,0.0,0.0,0.0,0
-1.432560598657914,0.9892748171031854,2.960946714181714,1.0,10.833333333333334,1.2993087363104292,2021,4,2,2.0,1,0.0,0.0,1.0,0.0,0.0,0.0,0.0,0
-0.3653217238302005,0.13511393337501798,4.549857276214587,0.0,16.5,0.41624171279213457,2021,4,3,3.0,0,0.0,0.0,0.0,0.0,0.0,1.0,0.0,0
1.468805533891762,1.7437511872312519,3.211599932162828,0.0,3.5,0.5443890659727406,2021,4,4,1.0,0,0.0,0.0,0.0,0.0,0.0,0.0,0.0,0
-0.3653217238302005,-1.5581047476334073,2.8753586059506047,1.0,21.333333333333332,0.1212203127763991,2021,5,5,1.0,0,0.0,1.0,0.0,0.0,0.0,1.0,0.0,1
1.3892250767728098,0.014713403125078692,3.191222518388554,0.0,4.666666666666667,0.1587973124903352,2021,5,6,2.0,1,0.0,1.0,0.0,0.0,0.0,0.0,1.0,0
-0.3653217238302005,0.649182334127814,4.320357353120405,0.0,20.0,0.6069824849749413,2021,5,0,2.0,1,0.0,0.0,1.0,0.0,0.0,0.0,1.0,0
-0.3653217238302005,1.1751415769928872,3.7908833024877127,0.0,14.333333333333334,0.8940596088530539,2021,5,1,3.0,0,0.0,0.0,0.0,0.0,0.0,0.0,1.0,1
-1.432560598657914,-1.0209926240953016,4.041074483313155,0.0,9.0,0.2983613789020403,2021,5,2,1.0,0,0.0,0.0,0.0,0.0,1.0,0.0,0.0,0
-1.432560598657914,0.9254390134495408,2.0657005817189216,0.0,13.833333333333334,1.2396327488268655,2021,5,3,1.0,0,1.0,0.0,0.0,0.0,0.0,0.0,1.0,0
0.5880958170882212,0.15327108826343033,2.208144489874116,0.0,13.833333333333334,0.26363506730612335,2021,5,4,1.0,1,0.0,0.0,1.0,0.0,0.0,0.0,0.0,0
-0.3653217238302005,-0.3032859837353831,3.8313399149159633,0.0,12.333333333333334,0.3020386733237651,2021,5,5,1.0,0,0.0,0.0,1.0,1.0,0.0,0.0,0.0,1
-0.3653217238302005,-1.2060299468656772,4.375744089352087,0.0,5.166666666666667,0.15649381105817498,2021,5,6,1.0,1,1.0,0.0,0.0,0.0,0.0,1.0,0.0,0
-0.3653217238302005,1.1869300892370813,4.450520204173283,1.0,3.1666666666666665,0.901867680506341,2021,5,0,0.0,1,0.0,0.0,1.0,0.0,1.0,0.0,0.0,0
1.3892250767728098,-0.5717015625896672,3.9973320527431575,0.0,6.666666666666667,0.10345929348766082,2021,5,2,0.0,1,0.0,1.0,0.0,0.0,0.0,0.0,1.0,0
1.468805533891762,-0.635474104032245,4.479501195119455,1.0,2.0,0.09480863463752762,2021,5,3,1.0,1,0.0,0.0,0.0,1.0,0.0,0.0,0.0,0
-0.3653217238302005,1.2145928168401474,3.7115590149430657,0.0,13.833333333333334,0.9204612005577228,2021,5,4,3.0,1,0.0,0.0,1.0,1.0,0.0,0.0,0.0,0
