customer_id,age,annual_income,loan_amount,credit_score,spending_ratio
CUST_1000,28.0,300000.0,401493.54837947065,720.0,27.391260986525936
CUST_1001,62.0,300000.0,339232.47930051724,720.0,89.7852397539736
CUST_1002,45.0,2500000.0,220442.15916893256,720.0,31.84452088107105
CUST_1003,35.0,300000.0,674927.533039587,810.0,74.79547670470994
CUST_1004,22.0,300000.0,94747.37434089003,720.0,40.38096183863713
CUST_1005,22.0,800000.0,73141.4855639529,810.0,17.53286637062336
CUST_1006,,500000.0,434777.6381785572,810.0,5.964376792582305
CUST_1007,50.0,800000.0,165660.2923894953,720.0,53.983160331372574
CUST_1008,35.0,,425422.7622065186,650.0,92.82009366940395
CUST_1009,45.0,500000.0,497153.9678574234,,38.2222574428284
CUST_1010,,,62898.65773751668,650.0,37.147310059374036
CUST_1011,62.0,,479912.3176140646,650.0,35.968245606449784
CUST_1012,45.0,2500000.0,168957.07973368495,580.0,51.84894535743726
CUST_1013,22.0,300000.0,192846.58164922116,580.0,44.65983950818642
CUST_1014,22.0,500000.0,247016.99841706041,810.0,84.1923164054313
CUST_1015,22.0,500000.0,571774.7919129551,720.0,50.49687125511413
CUST_1016,28.0,500000.0,53860.23387311717,720.0,50.69820543697119
CUST_1017,35.0,1200000.0,179574.91278756465,650.0,17.453443524850094
CUST_1018,28.0,,282772.3196267317,,93.44655868193473
CUST_1019,28.0,800000.0,306536.0835090209,,27.49756017819467
CUST_1020,35.0,2500000.0,285877.1331422216,580.0,11.60276607136424
CUST_1021,22.0,500000.0,78874.59111906186,,64.68316240776879
CUST_1022,28.0,2500000.0,121162.37426195481,,58.58297331411854
CUST_1023,28.0,,138856.42448186694,810.0,42.363108859347115
CUST_1024,35.0,500000.0,376374.7525573043,720.0,42.997301049261026
CUST_1025,45.0,300000.0,115356.6298353264,580.0,75.6557528941788
CUST_1026,22.0,800000.0,97323.01824724971,350.0,22.614137608968417
CUST_1027,35.0,10000000.0,681405.7737900016,650.0,78.82279870504007
CUST_1028,35.0,300000.0,51780.55953445705,,63.387240250551635
CUST_1029,,800000.0,1275764.5987808174,810.0,42.707279640157196
CUST_1030,35.0,300000.0,275909.9708873506,650.0,46.222575492548174
CUST_1031,22.0,500000.0,402598.603287674,650.0,28.098248646748623
CUST_1032,,500000.0,119803.55170098413,580.0,72.69028994272773
CUST_1033,50.0,10000000.0,52883.74594760231,,51.158726807474096
CUST_1034,62.0,800000.0,317782.5756869401,650.0,33.87690884748592
CUST_1035,45.0,500000.0,409327.78729868017,720.0,58.644510418485524
CUST_1036,28.0,300000.0,319781.3207096188,650.0,94.61610068461907
CUST_1037,,300000.0,80828.53634204433,350.0,44.173605169089846
CUST_1038,35.0,300000.0,330020.18472085084,650.0,87.86222607007576
CUST_1039,28.0,300000.0,343000.6695456033,650.0,36.05151559321095
CUST_1040,22.0,1200000.0,264905.2494663762,720.0,9.92594362324873
CUST_1041,35.0,500000.0,340585.9451384826,580.0,23.3817895731586
CUST_1042,,500000.0,424058.53493576095,580.0,42.68256289949158
CUST_1043,50.0,300000.0,240178.5648625861,650.0,24.767143573511213
CUST_1044,28.0,1200000.0,68555.71447898315,650.0,5.020433439642998
CUST_1045,35.0,800000.0,183740.79675752443,650.0,87.35013839727745
CUST_1046,28.0,,66165.95931486506,650.0,80.9491470107836
CUST_1047,35.0,800000.0,154695.40696506706,650.0,71.80630083382525
CUST_1048,35.0,500000.0,154548.09461012622,720.0,20.103313608142578
CUST_1049,22.0,,63657.876114710154,650.0,15.832721858898745
CUST_1050,62.0,500000.0,135793.99945987616,810.0,11.084427452514483
CUST_1051,45.0,500000.0,73531.1809756145,650.0,70.16262698956291
CUST_1052,50.0,300000.0,380297.14201509603,810.0,88.59271646190967
CUST_1053,50.0,2500000.0,640105.9970123997,720.0,43.74822388217333
CUST_1054,35.0,1200000.0,65012.92674649115,580.0,15.722660479644334
CUST_1055,50.0,800000.0,670731.2468137372,720.0,51.11535386588959
CUST_1056,,500000.0,197870.30987775224,350.0,36.39487167127671
CUST_1057,22.0,500000.0,121210.93525572041,810.0,38.73424319149979
CUST_1058,,800000.0,65995.32494791441,650.0,60.919756174013656
CUST_1059,28.0,500000.0,188879.29935427872,,69.68463019359821
CUST_1060,28.0,,366476.9780395236,650.0,14.954323898584477
CUST_1061,28.0,500000.0,295575.57155672996,810.0,8.203120772582874
CUST_1062,45.0,1200000.0,60306.245899209294,,94.48972724171433
CUST_1063,28.0,500000.0,65139.164811650495,650.0,25.945551402399666
CUST_1064,28.0,,153125.18624321755,720.0,9.844747241761317
CUST_1065,35.0,800000.0,119993.9218760098,720.0,22.0887796186328
CUST_1066,22.0,300000.0,102893.21834651192,650.0,8.506206171361779
CUST_1067,45.0,300000.0,115980.03569110233,580.0,40.26298051554545
CUST_1068,,300000.0,375401.0062313432,,77.21616060061919
CUST_1069,62.0,500000.0,579658.5189086855,650.0,35.71200047819485
CUST_1070,45.0,800000.0,153873.29683550674,650.0,44.97650661905299
CUST_1071,22.0,500000.0,523128.41364857805,810.0,65.80280962106949
CUST_1072,,300000.0,127572.89281144991,,50.800466306289216
CUST_1073,45.0,1200000.0,179419.57719790484,650.0,82.53011174191919
CUST_1074,45.0,1200000.0,101244.17419455772,,82.94321075411808
CUST_1075,45.0,1200000.0,254594.89239430893,350.0,5.891962594203828
CUST_1076,45.0,300000.0,822466.7935952644,650.0,75.02416758348792
CUST_1077,,500000.0,235012.3651620192,650.0,46.46602402175065
CUST_1078,28.0,10000000.0,138575.48572133685,650.0,93.99564871732967
CUST_1079,22.0,800000.0,258721.12369509676,810.0,48.490886828789165
CUST_1080,50.0,,76231.56885046214,650.0,93.82063508494677
CUST_1081,35.0,,489031.68713326124,810.0,72.9112425085163
CUST_1082,28.0,500000.0,189866.83644064693,720.0,27.37443961519757
CUST_1083,,2500000.0,169331.08238122036,650.0,53.45554813582619
CUST_1084,28.0,500000.0,226312.5521079921,720.0,94.29220755307244
CUST_1085,28.0,500000.0,246050.6106303654,650.0,82.17775469767314
CUST_1086,45.0,300000.0,64896.397451132994,,13.7630204412099
CUST_1087,35.0,800000.0,279529.345904876,720.0,68.57347971289965
CUST_1088,50.0,1200000.0,105396.35317830209,,36.10216272837317
CUST_1089,35.0,500000.0,300319.57225390675,650.0,5.628403569231331
CUST_1090,22.0,800000.0,395796.14279634383,720.0,41.31328721242996
CUST_1091,45.0,2500000.0,375885.78919909586,,26.127897955247416
CUST_1092,45.0,300000.0,210816.18061498052,580.0,78.69823434684244
CUST_1093,35.0,500000.0,196864.63600932603,810.0,35.35975479611889
CUST_1094,45.0,300000.0,80834.52699285018,650.0,79.47713245584353
CUST_1095,35.0,800000.0,348638.90152748564,580.0,5.0538144951315775
CUST_1096,35.0,500000.0,113328.6538217213,650.0,32.70372350235073
CUST_1097,28.0,800000.0,187311.95417994453,650.0,26.704869287698575
CUST_1098,,800000.0,116891.59933274842,650.0,26.021062496174988
CUST_1099,22.0,500000.0,78734.43898145924,810.0,11.136795778891642
CUST_1100,,2500000.0,248611.51469518448,650.0,21.841184336945155
CUST_1101,35.0,500000.0,61172.75194518328,580.0,54.99946128970579
CUST_1102,28.0,300000.0,326177.9855836161,720.0,31.222496555397004
CUST_1103,35.0,800000.0,126423.9865107793,720.0,42.565530409623314
CUST_1104,50.0,800000.0,50026.94041528054,350.0,38.918019231246966
CUST_1105,22.0,500000.0,193131.38256088903,580.0,83.83144324999051
CUST_1106,28.0,1200000.0,59596.99847225044,580.0,86.47690991094639
CUST_1107,45.0,2500000.0,114639.62198195595,650.0,49.3661274490274
CUST_1108,22.0,300000.0,295500.4851186646,650.0,34.714035528404395
CUST_1109,,10000000.0,62948.16093176536,650.0,14.612063360212726
CUST_1110,28.0,300000.0,415691.11284295726,810.0,90.80625914438855
CUST_1111,22.0,300000.0,50765.44743927921,720.0,10.420425041026771
CUST_1112,50.0,300000.0,106691.2346182991,350.0,31.78852498114524
CUST_1113,45.0,1200000.0,320111.36926222086,580.0,31.825958105300373
CUST_1114,35.0,800000.0,126038.47902394994,650.0,33.83611575261934
CUST_1115,50.0,300000.0,71493.0765487587,580.0,19.785815894516837
CUST_1116,45.0,500000.0,139330.53351296159,650.0,75.48452878313275
CUST_1117,22.0,800000.0,113049.9276977512,720.0,16.02480757693903
CUST_1118,50.0,,419935.2274274058,580.0,62.141599323784654
CUST_1119,35.0,1200000.0,125185.50905876796,650.0,16.14614240352357
CUST_1120,45.0,1200000.0,361115.43154627015,720.0,11.348207383366091
CUST_1121,50.0,500000.0,494888.1815408057,650.0,86.84865533172888
CUST_1122,28.0,2500000.0,163767.73450865928,350.0,22.11158896868351
CUST_1123,22.0,500000.0,531462.8146322393,650.0,78.91251391037339
CUST_1124,22.0,10000000.0,144743.88211190322,,54.01677839964222
CUST_1125,28.0,800000.0,715283.3904337431,810.0,12.007086764789264
CUST_1126,45.0,800000.0,68706.0483624723,,90.99033722942607
CUST_1127,50.0,300000.0,282322.72893199767,650.0,27.226505029270328
CUST_1128,,1200000.0,186170.23364623066,650.0,82.36808108173459
CUST_1129,35.0,500000.0,148089.8627525026,810.0,20.192900520610777
CUST_1130,28.0,300000.0,250321.73348106554,350.0,81.85485939276676
CUST_1131,22.0,,293382.6285270249,350.0,6.190593161476459
CUST_1132,22.0,500000.0,50874.56329834928,,51.06024109125326
CUST_1133,28.0,500000.0,86533.06447424181,350.0,74.24983214794011
CUST_1134,50.0,800000.0,299686.70625373325,580.0,89.1315965743505
CUST_1135,28.0,1200000.0,269553.77703349444,650.0,86.82819225858384
CUST_1136,35.0,,726558.5882081082,580.0,78.76623825928804
CUST_1137,45.0,800000.0,336289.9715513481,,84.93722146951737
CUST_1138,28.0,300000.0,652261.4176753758,720.0,22.929771725336884
CUST_1139,62.0,1200000.0,292495.4405754175,580.0,30.57658661405559
CUST_1140,62.0,1200000.0,120779.24980065296,580.0,31.007167242895267
CUST_1141,28.0,500000.0,72267.87564240718,580.0,38.93485379015289
CUST_1142,35.0,800000.0,354490.5152228961,810.0,40.398860334666985
CUST_1143,28.0,500000.0,256648.759490405,350.0,54.00997921892079
CUST_1144,28.0,500000.0,59877.1308903084,720.0,19.389178702979727
CUST_1145,,1200000.0,139273.19174155142,720.0,67.21219974073904
CUST_1146,35.0,500000.0,678382.1025088229,,20.080988537405585
CUST_1147,35.0,500000.0,188789.9587976701,810.0,32.92776338940928
CUST_1148,,500000.0,163383.67501450982,580.0,50.301061754553864
CUST_1149,28.0,1200000.0,172387.0394099998,,76.67965053711296
CUST_1150,50.0,500000.0,96861.81185051915,720.0,71.55223099148546
CUST_1151,22.0,300000.0,141997.09051183402,720.0,63.098092076947005
CUST_1152,22.0,800000.0,142347.81689040747,650.0,19.019593452215314
CUST_1153,35.0,1200000.0,60755.068147219565,350.0,54.234081105402
CUST_1154,62.0,300000.0,341831.19432261,650.0,12.87018516198969
CUST_1155,22.0,300000.0,157743.68453275395,720.0,38.96268591169857
CUST_1156,35.0,300000.0,395396.56795657956,580.0,42.216487726096325
CUST_1157,45.0,500000.0,429888.53754777147,580.0,8.583029550117844
CUST_1158,22.0,500000.0,97649.9288708125,,29.658928952297465
CUST_1159,45.0,800000.0,264211.1846942619,350.0,91.00845205398404
CUST_1160,28.0,800000.0,177838.57155214864,720.0,90.82693470467206
CUST_1161,35.0,800000.0,474314.107860472,650.0,36.70943488272854
CUST_1162,35.0,500000.0,98603.10939325945,810.0,8.879009805349165
CUST_1163,35.0,1200000.0,276524.755676689,580.0,21.118544539536337
CUST_1164,,500000.0,237172.25956861803,720.0,40.299601409018614
CUST_1165,45.0,10000000.0,119997.0390780318,580.0,90.30017281723067
CUST_1166,28.0,800000.0,79375.64849613751,580.0,17.70791571834664
CUST_1167,22.0,300000.0,260903.63271708568,350.0,73.7164259301391
CUST_1168,,800000.0,318338.7507570942,580.0,14.781428543722287
CUST_1169,35.0,500000.0,125850.53813203535,650.0,93.31318196521491
CUST_1170,35.0,800000.0,257033.21253609963,810.0,39.34548491982215
CUST_1171,,,150548.6441162735,650.0,74.77110850091505
CUST_1172,35.0,300000.0,299798.8341665501,350.0,35.833197453001866
CUST_1173,22.0,1200000.0,94432.6251412142,,61.490198944292786
CUST_1174,35.0,300000.0,491846.2790545983,350.0,22.281447626603306
CUST_1175,22.0,1200000.0,117769.69854692376,650.0,18.141891736726627
CUST_1176,35.0,300000.0,141705.4630376678,720.0,89.42577256113182
CUST_1177,28.0,800000.0,61969.52456874122,810.0,87.58825501139901
CUST_1178,50.0,800000.0,73646.87527134227,,84.87220461915942
CUST_1179,22.0,500000.0,195077.0175976812,650.0,61.289010514993414
CUST_1180,28.0,500000.0,112283.69344514492,650.0,77.74413900946504
CUST_1181,22.0,300000.0,410944.9015494012,650.0,11.213324322023741
CUST_1182,50.0,,52960.48113888834,650.0,35.131013770161125
CUST_1183,50.0,500000.0,145315.13113094145,650.0,33.233281228144065
CUST_1184,28.0,800000.0,132300.3222683286,650.0,62.20807897573519
CUST_1185,35.0,2500000.0,53903.37033397542,350.0,37.03619961235765
CUST_1186,45.0,1200000.0,76561.96466091774,720.0,18.365610347931273
CUST_1187,35.0,800000.0,156765.18109514908,350.0,58.682036787218934
CUST_1188,35.0,800000.0,185795.44384679841,650.0,78.29455286021734
CUST_1189,22.0,800000.0,153600.17664794438,650.0,39.39111450139759
CUST_1190,,300000.0,201403.9275026645,650.0,16.904184358863354
CUST_1191,50.0,2500000.0,230838.67759270334,810.0,22.701937758154074
CUST_1192,50.0,800000.0,51994.67809163054,720.0,26.373497465244558
CUST_1193,35.0,500000.0,174759.73399332378,720.0,31.99078336950826
CUST_1194,28.0,300000.0,712084.4442019276,650.0,62.85155634556782
CUST_1195,28.0,500000.0,196391.0243169651,720.0,59.08509360839471
CUST_1196,45.0,500000.0,276356.6426447793,650.0,67.64718754103353
CUST_1197,50.0,1200000.0,124753.71593797607,720.0,37.62517860783618
CUST_1198,50.0,500000.0,347436.42613419954,650.0,79.15978866919805
CUST_1199,45.0,500000.0,346491.885297936,810.0,23.367889504018425
CUST_1200,35.0,10000000.0,197334.58524055133,810.0,47.213667276633856
CUST_1201,,300000.0,796055.5169071689,720.0,77.08448493872872
CUST_1202,22.0,500000.0,76832.08145687498,580.0,21.21427829593573
CUST_1203,50.0,,53418.58401169344,350.0,14.887680236670466
CUST_1204,35.0,800000.0,344072.81679195655,720.0,84.53155709191907
CUST_1205,,2500000.0,379174.26161318924,350.0,35.86366964832763
CUST_1206,22.0,300000.0,75613.77737569413,720.0,66.54831124181288
CUST_1207,35.0,1200000.0,111735.61286960696,650.0,7.281374383754463
CUST_1208,,300000.0,53541.646541293,650.0,67.10421995685047
CUST_1209,22.0,2500000.0,119432.24317033132,810.0,33.44911803922734
CUST_1210,35.0,800000.0,346686.0904256224,650.0,10.016676822869757
CUST_1211,35.0,1200000.0,195945.855114414,650.0,59.883148539330534
CUST_1212,35.0,,135571.46861866832,650.0,26.672343446585593
CUST_1213,22.0,2500000.0,142960.01263187308,580.0,39.8126517846692
CUST_1214,45.0,800000.0,50270.90853886956,720.0,12.252273105786223
CUST_1215,22.0,500000.0,121278.0047822414,580.0,18.24469259854508
CUST_1216,28.0,1200000.0,257951.01731210347,810.0,31.817951194625937
CUST_1217,45.0,300000.0,781433.090857036,720.0,13.078355050414142
CUST_1218,35.0,1200000.0,425542.99972493824,580.0,86.97436382176836
CUST_1219,45.0,300000.0,54775.5566831033,720.0,5.544233886558057
CUST_1220,35.0,800000.0,507658.7498444518,650.0,48.54741969778803
CUST_1221,35.0,500000.0,355754.5381420305,580.0,16.09227123192963
CUST_1222,,,353167.7696697999,810.0,32.69111805301537
CUST_1223,28.0,300000.0,172496.2905712892,,88.3453603836439
CUST_1224,28.0,,151501.32519903913,580.0,19.552509794658818
CUST_1225,22.0,500000.0,122169.7939964626,650.0,91.92490877464994
CUST_1226,62.0,500000.0,63590.43812685418,650.0,23.521493929047953
CUST_1227,28.0,500000.0,101815.1300866055,650.0,71.74094976201467
CUST_1228,50.0,300000.0,106632.76170018666,720.0,54.200953840758054
CUST_1229,35.0,300000.0,182359.5769118734,650.0,84.60308548370833
CUST_1230,45.0,800000.0,325224.77652134316,650.0,54.85939299528179
CUST_1231,35.0,,178418.517723131,,53.11032972406778
CUST_1232,35.0,2500000.0,61916.97801249682,580.0,22.59122003315599
CUST_1233,35.0,1200000.0,683018.6808793513,580.0,19.960642584649285
CUST_1234,22.0,800000.0,621975.8324704088,580.0,87.48402360039628
CUST_1235,45.0,500000.0,357599.84714558354,650.0,34.50543789650307
CUST_1236,28.0,1200000.0,999528.8966719887,350.0,38.48740294666064
CUST_1237,,300000.0,207264.15532925795,580.0,73.38412925855495
CUST_1238,35.0,,708119.21595658,580.0,35.49411341805266
CUST_1239,22.0,300000.0,65723.17068983396,810.0,90.68562019751025
CUST_1240,50.0,800000.0,141040.57992925536,810.0,71.41349920989202
CUST_1241,62.0,,101076.86587971821,650.0,58.7686318316078
CUST_1242,50.0,500000.0,93589.68491046164,810.0,84.28056444902772
CUST_1243,28.0,10000000.0,80351.397474217,720.0,9.464531751453448
CUST_1244,,1200000.0,244791.1944783962,650.0,28.135642297028788
CUST_1245,50.0,500000.0,354030.858224632,,46.853270079881895
CUST_1246,28.0,,222691.46453916535,720.0,25.42806855243689
CUST_1247,62.0,1200000.0,81790.40313356504,720.0,71.95146685719368
CUST_1248,62.0,500000.0,383332.66916293086,650.0,87.72872279483526
CUST_1249,50.0,300000.0,252095.3976434794,720.0,43.1393107937831
CUST_1250,28.0,,148258.75895555617,650.0,35.79193401007055
CUST_1251,28.0,2500000.0,274251.5314134136,720.0,91.53956589238096
CUST_1252,50.0,800000.0,110195.33891974343,810.0,45.03671895447867
CUST_1253,28.0,1200000.0,134682.7068987926,580.0,49.01435604043549
CUST_1254,22.0,1200000.0,548957.0803925409,720.0,36.648488510771486
CUST_1255,35.0,500000.0,118640.2265780928,650.0,86.85936257109245
CUST_1256,50.0,500000.0,176971.22742597884,650.0,56.20599349536657
CUST_1257,35.0,500000.0,491711.7608523501,720.0,73.59571284634802
CUST_1258,35.0,500000.0,296009.53036874643,,78.06260465157978
CUST_1259,,500000.0,62844.40249481455,650.0,35.766413772553236
CUST_1260,35.0,800000.0,81870.21268093114,580.0,44.03248981883421
CUST_1261,62.0,800000.0,51574.49954479472,650.0,81.36245969656382
CUST_1262,22.0,1200000.0,249349.3413602983,650.0,37.69298165082292
CUST_1263,35.0,500000.0,168723.15740204675,720.0,76.45416201066662
CUST_1264,50.0,800000.0,78837.5601180207,350.0,89.68930903169934
CUST_1265,45.0,800000.0,683703.6686630445,650.0,61.088933576120624
CUST_1266,35.0,500000.0,200859.77092569254,580.0,71.74645587067
CUST_1267,45.0,800000.0,105386.22606184095,720.0,77.45875808370214
CUST_1268,28.0,300000.0,188871.0104105031,810.0,81.05356840069783
CUST_1269,28.0,500000.0,277649.70525465126,810.0,40.554800407111635
CUST_1270,45.0,300000.0,65860.42695401017,720.0,9.613711325839835
CUST_1271,45.0,500000.0,114235.03531701857,720.0,41.16886441130656
CUST_1272,50.0,500000.0,378977.2604701704,580.0,65.63806068056809
CUST_1273,50.0,800000.0,173113.14431146946,580.0,45.53153472027135
CUST_1274,35.0,2500000.0,208186.02552116071,650.0,72.40668357743587
CUST_1275,35.0,800000.0,163414.30336046225,720.0,37.12841865217975
CUST_1276,45.0,800000.0,58978.5417800314,810.0,62.12697269936266
CUST_1277,35.0,500000.0,86244.37948503872,350.0,21.777782436857713
CUST_1278,45.0,800000.0,167952.71348445522,810.0,72.44324929804613
CUST_1279,45.0,,96938.3616498048,650.0,54.112637193172326
CUST_1280,50.0,300000.0,60254.24390722537,650.0,23.365794969194052
CUST_1281,28.0,500000.0,421131.20927748614,350.0,31.272005614802655
CUST_1282,28.0,500000.0,844700.2206390479,,72.3747837723649
CUST_1283,,,365145.3873135485,650.0,48.43411120953686
CUST_1284,35.0,300000.0,434535.3204538956,650.0,24.442829635376498
CUST_1285,,300000.0,105408.34454184226,580.0,92.05440713332679
CUST_1286,35.0,10000000.0,696934.8709717577,650.0,69.36125178351992
CUST_1287,35.0,500000.0,93861.60936827565,720.0,91.14213492858165
CUST_1288,28.0,500000.0,654949.0636404103,720.0,43.43945408243089
CUST_1289,35.0,300000.0,1102562.786397859,810.0,47.759030662254844
CUST_1290,,800000.0,298766.5563369364,580.0,85.81596945665173
CUST_1291,,300000.0,844181.9778852892,580.0,52.254440622084616
CUST_1292,45.0,300000.0,218580.07251188124,720.0,68.65510207151004
CUST_1293,28.0,500000.0,110097.2144984639,650.0,27.6955589745977
CUST_1294,22.0,,164893.6685985619,,45.205382183237646
CUST_1295,35.0,,230064.25275232355,580.0,16.11048792293196
CUST_1296,45.0,300000.0,65177.94044276878,650.0,23.53820322892655
CUST_1297,22.0,,244753.9206789902,580.0,5.084907374086798
CUST_1298,35.0,300000.0,844544.0415750777,580.0,8.533854648379421
CUST_1299,,500000.0,92170.78822306675,580.0,92.95554408592363
CUST_1300,,1200000.0,364616.487231249,,26.811832562308606
CUST_1301,35.0,500000.0,526973.4477902515,650.0,64.69796385536017
CUST_1302,35.0,500000.0,625417.8071784992,650.0,80.51897289196503
CUST_1303,35.0,300000.0,694454.3388896397,650.0,54.559441331290785
CUST_1304,45.0,2500000.0,197402.94441139087,350.0,18.783005007556056
CUST_1305,62.0,500000.0,807147.7569718712,580.0,70.53047936025497
CUST_1306,35.0,,333194.2447448347,650.0,59.02262690896247
CUST_1307,28.0,800000.0,85269.03489617124,650.0,70.81255304126375
CUST_1308,45.0,300000.0,179596.56642766407,650.0,74.27719605713784
CUST_1309,28.0,500000.0,303404.65578425035,580.0,92.78693309162706
CUST_1310,28.0,500000.0,106828.41999595918,810.0,56.6206952024039
CUST_1311,,1200000.0,254672.31049227057,580.0,35.747700142154166
CUST_1312,,500000.0,269682.7491037926,650.0,63.361810121021335
CUST_1313,62.0,800000.0,85514.50875970192,650.0,11.159663831836351
CUST_1314,45.0,10000000.0,216521.0775417316,650.0,85.76575864894276
CUST_1315,35.0,300000.0,345354.92640827916,580.0,15.74429102043771
CUST_1316,28.0,300000.0,188188.1890319872,650.0,34.505855409723644
CUST_1317,22.0,500000.0,52435.39117754006,720.0,78.41708425635088
CUST_1318,22.0,500000.0,51815.912770180854,580.0,58.75811404976407
CUST_1319,28.0,500000.0,138331.23836402135,350.0,40.42719682496979
CUST_1320,35.0,2500000.0,571263.2354104803,580.0,47.60920934375193
CUST_1321,45.0,800000.0,101929.5541927834,720.0,81.90926538819623
CUST_1322,35.0,800000.0,251223.225011044,,35.60039474539029
CUST_1323,28.0,500000.0,100225.25594610194,810.0,83.26847163309542
CUST_1324,62.0,1200000.0,127624.27370931114,650.0,12.932098787902234
CUST_1325,45.0,2500000.0,426830.34035082505,810.0,74.91185934877677
CUST_1326,35.0,1200000.0,311025.0611252794,810.0,81.27928697492626
CUST_1327,35.0,,70052.3246073338,650.0,21.36358875536049
CUST_1328,28.0,800000.0,161968.8701560357,350.0,43.73118791349804
CUST_1329,22.0,,55920.73196045043,350.0,19.894979719729008
CUST_1330,28.0,300000.0,181127.95092716115,580.0,68.5943716094796
CUST_1331,45.0,,267198.8533791091,720.0,53.1812991255491
CUST_1332,,800000.0,75226.65068739168,580.0,62.17910120374889
CUST_1333,22.0,800000.0,118184.2064654069,580.0,22.683827026059003
CUST_1334,,300000.0,151445.29685657006,650.0,24.057127584717758
CUST_1335,,500000.0,553976.713659422,810.0,8.734759295891573
CUST_1336,50.0,500000.0,1049791.2151804701,350.0,33.98607816761567
CUST_1337,45.0,500000.0,59190.212436336544,,55.37701952003074
CUST_1338,35.0,300000.0,336264.9760601149,,82.2141422597596
CUST_1339,,500000.0,142955.16486109782,810.0,65.02347027128127
CUST_1340,35.0,800000.0,149666.85537683463,650.0,44.18566910597763
CUST_1341,35.0,,330700.2901990684,580.0,90.7808102954724
CUST_1342,22.0,,551249.9985674345,350.0,69.73206805182487
CUST_1343,28.0,500000.0,652895.7573174412,580.0,88.7148682576295
CUST_1344,28.0,2500000.0,222134.58868909275,350.0,52.48291759449491
CUST_1345,35.0,800000.0,138359.80012988282,810.0,28.301384731382562
CUST_1346,35.0,800000.0,359808.86191541975,720.0,9.754401772824979
CUST_1347,,500000.0,107803.62845575457,650.0,70.34763663354654
CUST_1348,28.0,500000.0,216056.5681903547,720.0,15.91726982049807
CUST_1349,35.0,,138813.6823753307,580.0,32.249761544477046
CUST_1350,35.0,800000.0,263789.9645975588,720.0,52.92238170955076
CUST_1351,50.0,2500000.0,104992.37377770193,720.0,55.79749290017729
CUST_1352,35.0,800000.0,92537.91345688852,580.0,59.052487728842245
CUST_1353,22.0,1200000.0,550791.1963579373,720.0,19.962979731473055
CUST_1354,,800000.0,71473.32374075835,580.0,39.17636643394839
CUST_1355,35.0,300000.0,191026.91168196354,580.0,60.547480440527
CUST_1356,,2500000.0,99911.05377810502,350.0,92.28369781704063
CUST_1357,35.0,,57941.59874277333,650.0,70.48680239297198
CUST_1358,50.0,500000.0,57336.70112226542,720.0,88.0343381384562
CUST_1359,35.0,300000.0,88528.14869166538,810.0,73.59908524827594
CUST_1360,28.0,,453136.1963741445,650.0,58.25452720031604
CUST_1361,35.0,500000.0,116390.54133360989,720.0,22.282103222271008
CUST_1362,35.0,300000.0,650991.6225071519,720.0,65.00170867032617
CUST_1363,35.0,500000.0,224274.12983477276,350.0,61.10416093639164
CUST_1364,50.0,500000.0,164758.12196301753,650.0,59.22222534115398
CUST_1365,28.0,,223542.42023882066,350.0,49.080728118941664
CUST_1366,62.0,300000.0,195422.8717990173,650.0,52.579094359034805
CUST_1367,50.0,500000.0,334406.07370986964,810.0,35.09982744062937
CUST_1368,22.0,500000.0,116395.36967974529,350.0,51.73814233780728
CUST_1369,,800000.0,137097.37450452533,720.0,22.780031511063044
CUST_1370,22.0,800000.0,499041.24547610414,650.0,77.46569576243391
CUST_1371,,1200000.0,635452.2233888301,650.0,21.719925922883704
CUST_1372,,800000.0,496161.24583946145,580.0,12.646966090051977
CUST_1373,35.0,500000.0,158755.17869949882,580.0,44.26214237214416
CUST_1374,,800000.0,353158.09831030545,,64.24766955554557
CUST_1375,28.0,300000.0,179380.90248233633,580.0,44.39451424401872
CUST_1376,45.0,500000.0,187647.7899894739,,29.907871875617776
CUST_1377,,800000.0,95802.17334320903,650.0,55.235406550139665
CUST_1378,45.0,500000.0,228871.75271479881,350.0,36.230210187097995
CUST_1379,28.0,800000.0,91192.37549486617,720.0,88.95809211139698
CUST_1380,22.0,1200000.0,130563.13391458367,650.0,88.03806256432149
CUST_1381,35.0,1200000.0,436245.969058071,650.0,50.21346379748859
CUST_1382,35.0,2500000.0,96405.53198262061,650.0,34.50955946164326
CUST_1383,50.0,500000.0,64763.38740060525,650.0,71.34191725609752
CUST_1384,45.0,500000.0,64300.831413790926,810.0,8.304164913475997
CUST_1385,45.0,500000.0,615314.4586567092,,47.72921054392861
CUST_1386,28.0,500000.0,191416.9469031599,580.0,35.26910548433002
CUST_1387,22.0,800000.0,155327.34996033274,720.0,87.84822965922992
CUST_1388,45.0,800000.0,383073.2083323666,,6.080272454541429
CUST_1389,45.0,800000.0,411365.5997761939,,54.753338814651414
CUST_1390,62.0,500000.0,130750.62481257752,580.0,71.65972229599635
CUST_1391,28.0,300000.0,286584.55543326976,,48.65161887716371
CUST_1392,28.0,500000.0,344913.9466118524,650.0,12.68627271464495
CUST_1393,45.0,300000.0,262639.7744694441,580.0,92.5215251025112
CUST_1394,28.0,1200000.0,82879.45020560987,720.0,51.62093882384881
CUST_1395,50.0,500000.0,467306.2565483896,720.0,60.27676198871102
CUST_1396,50.0,300000.0,204912.47211418475,650.0,26.29488044367566
CUST_1397,28.0,,116388.78038808874,650.0,48.514827659612344
CUST_1398,45.0,800000.0,160756.43223755364,720.0,43.623454276248964
CUST_1399,45.0,800000.0,57659.015140540454,580.0,11.740625780178537
CUST_1400,22.0,500000.0,77362.6231693328,720.0,14.55443181927205
CUST_1401,50.0,,340099.81470242806,720.0,80.37252676568971
CUST_1402,35.0,500000.0,50002.32696461009,720.0,26.58379569859312
CUST_1403,45.0,500000.0,157764.7300426542,650.0,22.546244434876748
CUST_1404,28.0,800000.0,197842.4881867746,580.0,50.44203061251253
CUST_1405,50.0,800000.0,61236.713831299385,650.0,74.18724182262616
CUST_1406,28.0,500000.0,772963.5072557551,720.0,10.575186672108913
CUST_1407,,300000.0,101269.06903662256,,56.912712767443026
CUST_1408,50.0,10000000.0,122538.23522683403,720.0,15.728939855651603
CUST_1409,,500000.0,122464.60494479172,580.0,8.281494574305661
CUST_1410,28.0,800000.0,102381.20604507893,350.0,9.746955694599565
CUST_1411,62.0,300000.0,50294.98184607701,350.0,80.07476973875973
CUST_1412,62.0,500000.0,311381.9142149375,,15.617523526525542
CUST_1413,35.0,,731315.3637805498,650.0,9.063622797106277
CUST_1414,35.0,500000.0,100796.2060888422,580.0,44.41098984286211
CUST_1415,28.0,2500000.0,267562.47869211744,810.0,80.95941247478223
CUST_1416,28.0,500000.0,320878.7882561248,650.0,28.616753884037173
CUST_1417,28.0,,427335.44560740696,350.0,42.95413557733247
CUST_1418,35.0,,159854.11587744512,650.0,8.593027930737609
CUST_1419,45.0,500000.0,122174.14841186984,720.0,45.417066272138825
CUST_1420,45.0,300000.0,128695.98386292708,720.0,56.98517725734203
CUST_1421,45.0,,299390.90719848464,,56.38163483769303
CUST_1422,,800000.0,389412.9501260106,720.0,34.918402295692864
CUST_1423,35.0,500000.0,90084.22632832796,720.0,33.3979862596822
CUST_1424,,300000.0,142706.04799335607,350.0,14.59612570429381
CUST_1425,35.0,2500000.0,514435.54983540653,,38.01184885816416
CUST_1426,28.0,300000.0,378695.67374587414,650.0,13.954520198566819
CUST_1427,50.0,2500000.0,888061.9077364752,350.0,73.99363502408464
CUST_1428,28.0,500000.0,330686.6876640082,720.0,91.96468679733673
CUST_1429,22.0,1200000.0,149909.62457673287,580.0,92.30670110000362
CUST_1430,22.0,800000.0,228631.0046599916,810.0,82.85639894378545
CUST_1431,45.0,1200000.0,266359.4440825848,650.0,59.07129344056572
CUST_1432,35.0,10000000.0,66340.91109096623,350.0,68.07791275194919
CUST_1433,22.0,300000.0,207270.5772704821,350.0,30.668522241237266
CUST_1434,,2500000.0,297107.0246713655,650.0,61.769337815535856
CUST_1435,45.0,500000.0,86621.48606258893,720.0,46.00845944958897
CUST_1436,,500000.0,353400.66119482234,720.0,48.38156057992393
CUST_1437,45.0,500000.0,225304.79342938855,580.0,73.19989043376421
CUST_1438,45.0,500000.0,658237.1022221028,580.0,30.37265200375265
CUST_1439,,300000.0,58669.6821044225,,33.62356505250679
CUST_1440,,500000.0,111665.7205618876,650.0,88.2177612015773
CUST_1441,62.0,500000.0,234036.59903244875,,10.060186536587501
CUST_1442,28.0,800000.0,120354.51382092705,650.0,48.707086857200636
CUST_1443,28.0,1200000.0,300649.5320377518,650.0,87.15207203670755
CUST_1444,45.0,500000.0,334596.05298196955,810.0,59.93267070363413
CUST_1445,50.0,500000.0,71631.98920771881,580.0,54.176636679091885
CUST_1446,62.0,300000.0,194249.44870901518,580.0,27.47697613064197
CUST_1447,45.0,300000.0,192217.6549979631,650.0,35.89479401580034
CUST_1448,28.0,,142178.89523745136,650.0,81.68435742242237
CUST_1449,,500000.0,590388.3667534351,580.0,55.32963185916123
CUST_1450,45.0,300000.0,401478.93602561636,810.0,51.32679743811019
CUST_1451,35.0,2500000.0,288942.7483496759,720.0,13.962174218602604
CUST_1452,28.0,500000.0,300581.2407651099,580.0,6.442534080961081
CUST_1453,50.0,500000.0,173873.84884585516,580.0,91.73166698183442
CUST_1454,22.0,500000.0,557647.6151424076,650.0,38.92875505581575
CUST_1455,35.0,300000.0,287223.5826668418,720.0,59.28917558895539
CUST_1456,,500000.0,311113.3154710566,,12.174356586855648
CUST_1457,35.0,800000.0,445652.85417431436,650.0,66.48028571507419
CUST_1458,,500000.0,114060.7753857549,650.0,88.93100378353648
CUST_1459,22.0,500000.0,379086.5070249198,580.0,56.80987276976777
CUST_1460,22.0,10000000.0,93442.38637980664,650.0,16.35037901378695
CUST_1461,35.0,1200000.0,134728.44883320288,810.0,57.3549374726129
CUST_1462,45.0,800000.0,131777.32725404558,,73.97124917941872
CUST_1463,35.0,500000.0,818177.5244505231,580.0,41.57748829166168
CUST_1464,62.0,800000.0,438335.93527448847,650.0,84.1853973147321
CUST_1465,28.0,300000.0,291575.9931969776,720.0,63.3814658021628
CUST_1466,28.0,500000.0,309698.28468404285,810.0,85.93240264602822
CUST_1467,50.0,,215140.51593682618,650.0,61.11547801226035
CUST_1468,22.0,500000.0,637835.1061018403,720.0,16.81591748043418
CUST_1469,62.0,500000.0,187138.50826421118,650.0,32.87225399946702
CUST_1470,,300000.0,145774.23313643417,650.0,23.161545342721123
CUST_1471,62.0,2500000.0,85594.68558803035,580.0,86.79438479451761
CUST_1472,,2500000.0,358548.143576624,580.0,73.43600605587343
CUST_1473,50.0,800000.0,315185.85639444046,580.0,65.87585320190055
CUST_1474,35.0,500000.0,147016.96856981685,650.0,32.086968766845956
CUST_1475,62.0,1200000.0,55103.24019087821,,21.564029484519217
CUST_1476,,300000.0,415266.8632221283,810.0,73.08059791900206
CUST_1477,35.0,800000.0,52296.73382085271,350.0,47.67421512911717
CUST_1478,62.0,300000.0,293276.41613204754,580.0,25.32105969355662
CUST_1479,35.0,800000.0,753033.0315879624,650.0,60.49597803487476
CUST_1480,35.0,300000.0,165130.19832739176,720.0,8.630046692460677
CUST_1481,35.0,1200000.0,103568.93620974138,,34.35532287154282
CUST_1482,35.0,2500000.0,294068.5528239596,580.0,47.17012951320212
CUST_1483,35.0,300000.0,389793.9202018651,810.0,18.316250069846525
CUST_1484,35.0,500000.0,208121.27263778012,580.0,93.61890298317556
CUST_1485,50.0,10000000.0,732463.4472806166,580.0,23.818762813065284
CUST_1486,,500000.0,60610.277608512326,720.0,16.7317817038939
CUST_1487,28.0,1200000.0,190556.93378571473,,23.318138649820675
CUST_1488,62.0,500000.0,303491.84946995566,650.0,74.21550198437518
CUST_1489,50.0,500000.0,447030.6984861358,580.0,43.295509334465855
CUST_1490,35.0,300000.0,89508.71203199099,580.0,55.88743457772842
CUST_1491,35.0,300000.0,371891.0642808085,580.0,6.890824128772467
CUST_1492,28.0,800000.0,210908.31747996598,,8.09881777159831
CUST_1493,22.0,500000.0,151019.63870055586,580.0,45.124299484431454
CUST_1494,35.0,500000.0,78247.06202289855,,78.49897188814612
CUST_1495,28.0,500000.0,450934.742120851,720.0,84.67149908368087
CUST_1496,35.0,500000.0,84222.49277526219,580.0,12.80359108360762
CUST_1497,,1200000.0,124151.25564448649,650.0,53.45267918909205
CUST_1498,62.0,10000000.0,118510.88810554416,720.0,87.19067176513434
CUST_1499,62.0,500000.0,460231.520740062,650.0,39.917547895809776
